cell_line_name,stripped_cell_line_name,DepMap_ID
NIH:OVCAR-3,NIHOVCAR3,ACH-000001
HL-60,HL60,ACH-000002
CACO2,CACO2,ACH-000003
HEL,HEL,ACH-000004
HEL 92.1.7,HEL9217,ACH-000005
MONO-MAC-6,MONOMAC6,ACH-000006
LS513,LS513,ACH-000007
A101D,A101D,ACH-000008
C2BBe1,C2BBE1,ACH-000009
NCI-H2077,NCIH2077,ACH-000010
253J,253J,ACH-000011
HCC827,HCC827,ACH-000012
ONCO-DG-1,ONCODG1,ACH-000013
Hs 294T,HS294T,ACH-000014
NCI-H1581,NCIH1581,ACH-000015
SLR 21,SLR21,ACH-000016
SK-BR-3,SKBR3,ACH-000017
T24,T24,ACH-000018
MHH-CALL-2,MHHCALL2,ACH-000020
NCI-H1693,NCIH1693,ACH-000021
PA-TU-8988S,PATU8988S,ACH-000022
PA-TU-8988T,PATU8988T,ACH-000023
OPM-2,OPM2,ACH-000024
CH-157MN,CH157MN,ACH-000025
253J-BV,253JBV,ACH-000026
GOS-3,GOS3,ACH-000027
KPL-1,KPL1,ACH-000028
HCC-827-GR5,HCC827GR5,ACH-000029
PC-14,PC14,ACH-000030
Panc 02.13,PANC0213,ACH-000031
MHH-CALL-3,MHHCALL3,ACH-000032
NCI-H1819,NCIH1819,ACH-000033
NA,PLB985,ACH-000034
NCI-H1650,NCIH1650,ACH-000035
U343,U343,ACH-000036
S-117,S117,ACH-000037
EHEB,EHEB,ACH-000038
SK-N-MC,SKNMC,ACH-000039
U-118 MG,U118MG,ACH-000040
RD-ES,RDES,ACH-000041
Panc 02.03,PANC0203,ACH-000042
Hs 895.T,HS895T,ACH-000043
MDA-MB-134-VI,MDAMB134VI,ACH-000044
MV4;11,MV411,ACH-000045
GCIY,GCIY,ACH-000047
TOV-112D,TOV112D,ACH-000048
HEK TE,HEKTE,ACH-000049
NCI-H929,NCIH929,ACH-000050
TE 617.T,TE617T,ACH-000051
A-673,A673,ACH-000052
KARPAS-299,KARPAS299,ACH-000053
HT-1080,HT1080,ACH-000054
D283 Med,D283MED,ACH-000055
DOHH-2,DOHH2,ACH-000056
OPM-1,OPM1,ACH-000057
ML-1,ML1,ACH-000058
SUP-B15,SUPB15,ACH-000059
Panc 10.05,PANC1005,ACH-000060
HH,HH,ACH-000061
RERF-LC-MS,RERFLCMS,ACH-000062
NA,HS616T,ACH-000063
SALE,SALE,ACH-000064
OCI-AML5,OCIAML5,ACH-000065
HCC4006,HCC4006,ACH-000066
Hs 683,HS683,ACH-000067
REC-1,REC1,ACH-000068
Hs 611.T,HS611T,ACH-000069
697,697,ACH-000070
NA,HS706T,ACH-000071
MEG-01,MEG01,ACH-000072
GRANTA-519,GRANTA519,ACH-000073
KU812,KU812,ACH-000074
U-87 MG,U87MG,ACH-000075
NCO2,NCO2,ACH-000076
MJ,MJ,ACH-000077
MHH-NB-11,MHHNB11,ACH-000078
TE 125.T,TE125T,ACH-000079
BDCM,BDCM,ACH-000080
GDM-1,GDM1,ACH-000081
"G-292, clone A141B1",G292CLONEA141B1,ACH-000082
Hs 281.T,HS281T,ACH-000083
NA,MUTZ3,ACH-000084
T3M-4,T3M4,ACH-000085
ACC-MESO-1,ACCMESO1,ACH-000086
SK-ES-1,SKES1,ACH-000087
NA,HS172T,ACH-000088
NCI-H684,NCIH684,ACH-000089
OV56,OV56,ACH-000091
NCI-H2452,NCIH2452,ACH-000092
Panc 05.04,PANC0504,ACH-000093
HPAF-II,HPAFII,ACH-000094
D341,D341,ACH-000095
G-401,G401,ACH-000096
ZR-75-1,ZR751,ACH-000097
GAMG,GAMG,ACH-000098
SIMA,SIMA,ACH-000099
RH-41,RH41,ACH-000100
KE-37,KE37,ACH-000101
GMS-10,GMS10,ACH-000102
Caov-4,CAOV4,ACH-000103
Loucy,LOUCY,ACH-000104
ALL-SIL,ALLSIL,ACH-000105
JVM-2,JVM2,ACH-000106
Capan-2,CAPAN2,ACH-000107
KP-3,KP3,ACH-000108
NCI-H3255,NCIH3255,ACH-000109
NCC-StC-K140,NCCSTCK140,ACH-000110
HCC1187,HCC1187,ACH-000111
SIG-M5,SIGM5,ACH-000112
OCI-AML2,OCIAML2,ACH-000113
SU.86.86,SU8686,ACH-000114
VCaP,VCAP,ACH-000115
OAW28,OAW28,ACH-000116
EFM-192A,EFM192A,ACH-000117
HUP-T3,HUPT3,ACH-000118
Hs 863.T,HS863T,ACH-000119
CHP-212,CHP212,ACH-000120
NCI-H2405,NCIH2405,ACH-000121
SUP-T11,SUPT11,ACH-000122
COV434,COV434,ACH-000123
OCI-LY-19,OCILY19,ACH-000124
TO 175.T,TO175T,ACH-000125
KG-1-C,KG1C,ACH-000126
SLR 20,SLR20,ACH-000127
LN-319,LN319,ACH-000128
NCI-H1341,NCIH1341,ACH-000129
"NALM-19","NALM19",ACH-000130
Hs 229.T,HS229T,ACH-000131
JHOS-2,JHOS2,ACH-000132
Hs 729,HS729,ACH-000133
HS274T,HS274T,ACH-000134
Hs 940.T,HS940T,ACH-000135
CHP-126,CHP126,ACH-000136
8-MG-BA,8MGBA,ACH-000137
CFPAC-1,CFPAC1,ACH-000138
Panc 03.27,PANC0327,ACH-000139
Pfeiffer,PFEIFFER,ACH-000140
SNU-308,SNU308,ACH-000141
CAL-29,CAL29,ACH-000142
NA,HCC2429,ACH-000143
RERF-GC-1B,RERFGC1B,ACH-000144
SK-LMS-1,SKLMS1,ACH-000145
THP-1,THP1,ACH-000146
Hs 578T,HS578T,ACH-000148
SK-N-SH,SKNSH,ACH-000149
HCC2935,HCC2935,ACH-000150
JM1,JM1,ACH-000151
M059K,M059K,ACH-000152
NCI-H2052,NCIH2052,ACH-000153
HS888T,HS888T,ACH-000154
SW 1990,SW1990,ACH-000155
MHH-CALL-4,MHHCALL4,ACH-000156
A4/Fuk,A4FUK,ACH-000157
OCI-LY3,OCILY3,ACH-000158
OS-RC-2,OSRC2,ACH-000159
BT-12,BT12,ACH-000160
COR-L105,CORL105,ACH-000161
GA-10,GA10,ACH-000162
SW579,SW579,ACH-000163
PANC-1,PANC1,ACH-000164
NA,HS751T,ACH-000165
Kasumi-6,KASUMI6,ACH-000166
KE-97,KE97,ACH-000167
NOMO-1,NOMO1,ACH-000168
RD,RD,ACH-000169
PrEC LH,PRECLH,ACH-000170
VMRC-RCZ,VMRCRCZ,ACH-000171
TM-87,TM87,ACH-000172
JHUEM-3,JHUEM3,ACH-000173
CAL-62,CAL62,ACH-000174
NA,TE159T,ACH-000175
LOU-NH91,LOUNH91,ACH-000176
NCI-H660,NCIH660,ACH-000177
Hs 766T,HS766T,ACH-000178
NCI-H1618,NCIH1618,ACH-000179
Hs 839.T,HS839T,ACH-000180
SCC-9,SCC9,ACH-000181
SNU-869,SNU869,ACH-000182
L-363,L363,ACH-000183
Hs  343.T,HS343T,ACH-000184
NA,HS737T,ACH-000185
NCI-H2444,NCIH2444,ACH-000186
COR-L311,CORL311,ACH-000187
SCC-25,SCC25,ACH-000188
RCC10RGB,RCC10RGB,ACH-000189
HD-MY-Z,HDMYZ,ACH-000190
BHT-101,BHT101,ACH-000191
MFE-280,MFE280,ACH-000192
KARPAS-620,KARPAS620,ACH-000193
Hs 934.T,HS934T,ACH-000194
Set-2,SET2,ACH-000195
HCC1599,HCC1599,ACH-000196
TALL-1,TALL1,ACH-000197
EOL-1,EOL1,ACH-000198
HS255T,HS255T,ACH-000199
NMC-G1,NMCG1,ACH-000200
A-204,A204,ACH-000201
COLO-320,COLO320,ACH-000202
NH-6,NH6,ACH-000203
LP-1,LP1,ACH-000204
PK-59,PK59,ACH-000205
NA,C8166,ACH-000206
Detroit 562,DETROIT562,ACH-000207
U-178,U178,ACH-000208
SNU-1079,SNU1079,ACH-000209
CADO-ES1,CADOES1,ACH-000210
Daoy,DAOY,ACH-000211
CAL-120,CAL120,ACH-000212
HUP-T4,HUPT4,ACH-000213
NA,HS675T,ACH-000214
LN382,LN382,ACH-000215
JH-EsoAd1,JHESOAD1,ACH-000216
JHH-6,JHH6,ACH-000217
PL-21,PL21,ACH-000218
A-375,A375,ACH-000219
Mino,MINO,ACH-000220
SNU-398,SNU398,ACH-000221
AsPC-1,ASPC1,ACH-000222
HCC1937,HCC1937,ACH-000223
NA,HS819T,ACH-000224
ECC12,ECC12,ACH-000225
SUP-M2,SUPM2,ACH-000226
KP-N-YN,KPNYN,ACH-000227
BICR 31,BICR31,ACH-000228
NA,HS822T,ACH-000229
Hs 742.T,HS742T,ACH-000230
KALS-1,KALS1,ACH-000231
U-251 MG,U251MG,ACH-000232
DEL,DEL,ACH-000233
Caki-2,CAKI2,ACH-000234
Panc 04.03,PANC0403,ACH-000235
SW1417,SW1417,ACH-000236
JHOM-1,JHOM1,ACH-000237
SCC-4,SCC4,ACH-000238
HuG1-N,HUG1N,ACH-000239
NA,HS600T,ACH-000240
JK-1,JK1,ACH-000241
RT4,RT4,ACH-000242
DAN-G,DANG,ACH-000243
DK-MG,DKMG,ACH-000244
BL-41,BL41,ACH-000245
SLR 23,SLR23,ACH-000246
OCUM-1,OCUM1,ACH-000247
AU565,AU565,ACH-000248
CL-11,CL11,ACH-000249
KMRC-20,KMRC20,ACH-000250
NA,NCIH2887,ACH-000251
LS1034,LS1034,ACH-000252
COLO 201,COLO201,ACH-000253
SCC-15,SCC15,ACH-000254
LMSU,LMSU,ACH-000255
COV318,COV318,ACH-000256
COR-L279,CORL279,ACH-000257
Du4475,DU4475,ACH-000258
KELLY,KELLY,ACH-000259
SK-N-AS,SKNAS,ACH-000260
RERF-LC-AI,RERFLCAI,ACH-000261
UOK101,UOK101,ACH-000262
KASUMI-1,KASUMI1,ACH-000263
Calu-6,CALU6,ACH-000264
KP4,KP4,ACH-000265
SNU-213,SNU213,ACH-000266
HDLM-2,HDLM2,ACH-000267
SNU-245,SNU245,ACH-000268
AM-38,AM38,ACH-000269
HPAC,HPAC,ACH-000270
SU-DHL-10,SUDHL10,ACH-000271
SLR 24,SLR24,ACH-000272
SF539,SF539,ACH-000273
Hs 852.T,HS852T,ACH-000274
NA,HS834T,ACH-000275
HCC38,HCC38,ACH-000276
HCC1419,HCC1419,ACH-000277
COV362,COV362,ACH-000278
EWS502,EWS502,ACH-000279
SNU-840,SNU840,ACH-000280
KP-2,KP2,ACH-000281
NCI-H1755,NCIH1755,ACH-000282
A1207,A1207,ACH-000283
NA,HS840T,ACH-000284
Toledo,TOLEDO,ACH-000285
SNU-1033,SNU1033,ACH-000286
NU-DUL-1,NUDUL1,ACH-000287
SNU-466,SNU466,ACH-000289
NCI-H209,NCIH209,ACH-000290
OV-90,OV90,ACH-000291
NCI-H841,NCIH841,ACH-000292
KLE,KLE,ACH-000293
NB-4,NB4,ACH-000294
EM-2,EM2,ACH-000295
OUMS-23,OUMS23,ACH-000296
NCI-H889,NCIH889,ACH-000297
NCI-H2029,NCIH2029,ACH-000298
NA,HNT34,ACH-000299
NA,SLR25,ACH-000300
LAMA-84,LAMA84,ACH-000301
SNU-1077,SNU1077,ACH-000302
SNU-5,SNU5,ACH-000303
WM-115,WM115,ACH-000304
EC-GI-10,ECGI10,ACH-000305
Hs 688(A).T,HS688AT,ACH-000306
PK-1,PK1,ACH-000307
EFO-21,EFO21,ACH-000308
SK-LU-1,SKLU1,ACH-000309
IMR-32,IMR32,ACH-000310
NCI-H2122,NCIH2122,ACH-000311
SK-N-BE(2),SKNBE2,ACH-000312
KMRC-3,KMRC3,ACH-000313
HCC-2108,HCC2108,ACH-000314
KARPAS-422,KARPAS422,ACH-000315
SNU-886,SNU886,ACH-000316
TUHR14TKB,TUHR14TKB,ACH-000317
TE-10,TE10,ACH-000318
MPP 89,MPP89,ACH-000319
PSN1,PSN1,ACH-000320
MOLM-6,MOLM6,ACH-000321
HT-144,HT144,ACH-000322
42-MG-BA,42MGBA,ACH-000323
JHOC-5,JHOC5,ACH-000324
SNU-620,SNU620,ACH-000325
JURL-MK1,JURLMK1,ACH-000326
NCI-H1395,NCIH1395,ACH-000327
LN-215,LN215,ACH-000328
CCF-STTG1,CCFSTTG1,ACH-000329
EFM-19,EFM19,ACH-000330
IST-MES2,ISTMES2,ACH-000331
YAPC,YAPC,ACH-000332
JHOM-2B,JHOM2B,ACH-000333
DB,DB,ACH-000334
MSTO-211H,MSTO211H,ACH-000335
OCI-AML3,OCIAML3,ACH-000336
NCI-H3122,NCIH3122,ACH-000337
SR-786,SR786,ACH-000338
NA,HCC461,ACH-000339
Hs 870.T,HS870T,ACH-000340
SK-N-FI,SKNFI,ACH-000341
CL-14,CL14,ACH-000342
SNU-668,SNU668,ACH-000344
KP-N-RT-BM-1,KPNRTBM1,ACH-000345
JVM-3,JVM3,ACH-000346
QGP-1,QGP1,ACH-000347
RPMI-7951,RPMI7951,ACH-000348
HCC1500,HCC1500,ACH-000349
COLO-678,COLO678,ACH-000350
MKN1,MKN1,ACH-000351
HCC1428,HCC1428,ACH-000352
TE-15,TE15,ACH-000353
Capan-1,CAPAN1,ACH-000354
NCI-H82,NCIH82,ACH-000355
MKN-45,MKN45,ACH-000356
JeKo-1,JEKO1,ACH-000357
NCI-H69,NCIH69,ACH-000358
MG-63,MG63,ACH-000359
NCI-H508,NCIH508,ACH-000360
SK-HEP-1,SKHEP1,ACH-000361
MOLM-13,MOLM13,ACH-000362
SK-MM-2,SKMM2,ACH-000363
U-2 OS,U2OS,ACH-000364
SU-DHL-4,SUDHL4,ACH-000365
SK-N-DZ,SKNDZ,ACH-000366
SNU-1105,SNU1105,ACH-000368
MOLM-16,MOLM16,ACH-000369
SNU-626,SNU626,ACH-000370
RL,RL,ACH-000371
P12-ICHIKAWA,P12ICHIKAWA,ACH-000372
SKM-1,SKM1,ACH-000373
HCC1143,HCC1143,ACH-000374
G-402,G402,ACH-000375
SNU-478,SNU478,ACH-000377
NCI-H647,NCIH647,ACH-000378
NCI-H1781,NCIH1781,ACH-000379
KMS-12-BM,KMS12BM,ACH-000380
T84,T84,ACH-000381
COR-L24,CORL24,ACH-000382
OE33,OE33,ACH-000383
SW 780,SW780,ACH-000384
SK-RC-20,SKRC20,ACH-000385
KG-1,KG1,ACH-000386
TF-1,TF1,ACH-000387
NU-DHL-1,NUDHL1,ACH-000388
H4,H4,ACH-000389
LUDLU-1,LUDLU1,ACH-000390
MHH-ES-1,MHHES1,ACH-000391
Calu-3,CALU3,ACH-000392
HLF,HLF,ACH-000393
NCI-H2081,NCIH2081,ACH-000394
NCI-H520,NCIH520,ACH-000395
J82,J82,ACH-000396
TEN,TEN,ACH-000397
RI-1,RI1,ACH-000398
NCI-H2196,NCIH2196,ACH-000399
SK-CO-1,SKCO1,ACH-000400
COLO-800,COLO800,ACH-000401
BL-70,BL70,ACH-000402
NCI-H747,NCIH747,ACH-000403
K029AX,K029AX,ACH-000404
MEC-1,MEC1,ACH-000405
U-937,U937,ACH-000406
SNU-685,SNU685,ACH-000407
TE-5,TE5,ACH-000408
OVSAHO,OVSAHO,ACH-000409
Saos-2,SAOS2,ACH-000410
769-P,769P,ACH-000411
SNU-1197,SNU1197,ACH-000412
NA,HS739T,ACH-000413
NCI-H1944,NCIH1944,ACH-000414
BICR 6,BICR6,ACH-000415
NCI-H838,NCIH838,ACH-000416
Panc 08.13,PANC0813,ACH-000417
SW 1353,SW1353,ACH-000418
KMS-28BM,KMS28BM,ACH-000419
SNU-449,SNU449,ACH-000420
SW837,SW837,ACH-000421
SNU-475,SNU475,ACH-000422
SK-MEL-3,SKMEL3,ACH-000423
TC-71,TC71,ACH-000424
KMS-20,KMS20,ACH-000426
NCI-N87,NCIN87,ACH-000427
A-704,A704,ACH-000429
TYK-nu,TYKNU,ACH-000430
NCI-H1694,NCIH1694,ACH-000431
BV-173,BV173,ACH-000432
Caki-1,CAKI1,ACH-000433
NCI-H1915,NCIH1915,ACH-000434
EFE-184,EFE184,ACH-000435
OCI-My7,OCIMY7,ACH-000436
SW 1088,SW1088,ACH-000437
NA,LU65,ACH-000438
ME-1,ME1,ACH-000439
CA46,CA46,ACH-000440
SH-4,SH4,ACH-000441
RERF-LC-Sq1,RERFLCSQ1,ACH-000442
OVKATE,OVKATE,ACH-000443
LU99,LU99,ACH-000444
KNS-60,KNS60,ACH-000445
KP-N-SI9s,KPNSI9S,ACH-000446
NCI-H2228,NCIH2228,ACH-000447
NCI-H1666,NCIH1666,ACH-000448
MES-SA,MESSA,ACH-000449
MEL-HO,MELHO,ACH-000450
NCI-H2085,NCIH2085,ACH-000451
TE-8,TE8,ACH-000452
MOLP-2,MOLP2,ACH-000453
HCC-95,HCC95,ACH-000454
LN-428,LN428,ACH-000455
B-CPAP,BCPAP,ACH-000456
CAL-54,CAL54,ACH-000457
CJM,CJM,ACH-000458
TUHR10TKB,TUHR10TKB,ACH-000459
SNU-8,SNU8,ACH-000460
SNU-1196,SNU1196,ACH-000461
"NALM-1","NALM1",ACH-000462
CAS-1,CAS1,ACH-000464
SK-MEL-1,SKMEL1,ACH-000465
SNU-216,SNU216,ACH-000466
HCC-56,HCC56,ACH-000467
PK-45H,PK45H,ACH-000468
YH-13,YH13,ACH-000469
SW1463,SW1463,ACH-000470
Li-7,LI7,ACH-000471
HSC-2,HSC2,ACH-000472
RT-112,RT112,ACH-000473
NCI-H292,MERGEDTOACH001075NCIH292,ACH-000474
huH-1,HUH1,ACH-000475
JHH-4,JHH4,ACH-000476
Malme-3M,MALME3M,ACH-000477
SNU-387,SNU387,ACH-000478
KNS-81,KNS81,ACH-000479
HuH-7,HUH7,ACH-000480
NCI-H2170,NCIH2170,ACH-000481
RERF-LC-KJ,RERFLCKJ,ACH-000482
SNU-182,SNU182,ACH-000483
VMRC-RCW,VMRCRCW,ACH-000484
GSU,GSU,ACH-000485
KU-19-19,KU1919,ACH-000486
F-36P,F36P,ACH-000487
TE-11,TE11,ACH-000488
SW1116,SW1116,ACH-000489
SF767,SF767,ACH-000490
NCI-H716,NCIH716,ACH-000491
MUTZ-5,MUTZ5,ACH-000492
SNU-423,SNU423,ACH-000493
OELE,OELE,ACH-000494
TUHR4TKB,TUHR4TKB,ACH-000495
NCI-H1792,NCIH1792,ACH-000496
KO52,KO52,ACH-000498
EW8,EW8,ACH-000499
SNU-46,SNU46,ACH-000500
LS123,LS123,ACH-000501
TCC-PAN2,TCCPAN2,ACH-000502
BICR 16,BICR16,ACH-000503
SNB75,SNB75,ACH-000504
RKN,RKN,ACH-000505
NCI-H146,NCIH146,ACH-000506
KE-39,KE39,ACH-000507
COR-L88,CORL88,ACH-000508
HuT 78,HUT78,ACH-000509
NCI-H1299,NCIH1299,ACH-000510
Calu-1,CALU1,ACH-000511
NA,INA6,ACH-000512
SNU-1272,SNU1272,ACH-000513
NCI-H1092,NCIH1092,ACH-000514
HCC-33,HCC33,ACH-000515
CAL-78,CAL78,ACH-000516
SNU-410,SNU410,ACH-000517
CAL-33,CAL33,ACH-000518
PEER,PEER,ACH-000519
59M,59M,ACH-000520
NCI-H2030,NCIH2030,ACH-000521
UM-UC-3,UMUC3,ACH-000522
NCI-H1184,NCIH1184,ACH-000523
KURAMOCHI,KURAMOCHI,ACH-000524
NCI-H2171,NCIH2171,ACH-000525
Hs 821.T,HS821T,ACH-000526
OVISE,OVISE,ACH-000527
ABC-1,ABC1,ACH-000528
T1-73,T173,ACH-000529
DMS 114,DMS114,ACH-000530
NA,RS5,ACH-000531
SNU-61,SNU61,ACH-000532
NCI-H2004 RT,NCIH2004RT,ACH-000533
WSU-DLCL2,WSUDLCL2,ACH-000534
BxPC-3,BXPC3,ACH-000535
BT-20,BT20,ACH-000536
SNU-761,SNU761,ACH-000537
HUTU80,HUTU80,ACH-000538
Hs 618.T,HS618T,ACH-000539
Hs 606.T,HS606T,ACH-000540
KMS-34,KMS34,ACH-000541
Hey-A8,HEYA8,ACH-000542
SNU-489,SNU489,ACH-000543
OE21,OE21,ACH-000544
VM-CUB1,VMCUB1,ACH-000545
HSC-4,HSC4,ACH-000546
HT-1197,HT1197,ACH-000547
BHY,BHY,ACH-000548
SNU-1076,SNU1076,ACH-000549
IGR-39,IGR39,ACH-000550
HT-29,HT29,ACH-000552
Sq-1,SQ1,ACH-000553
UACC-893,UACC893,ACH-000554
A-498,A498,ACH-000555
SIHA,SIHA,ACH-000556
AML-193,AML193,ACH-000557
A-172,A172,ACH-000558
NCI-H1836,NCIH1836,ACH-000559
ECC10,ECC10,ACH-000560
T.T,TDOTT,ACH-000561
HCC-78,HCC78,ACH-000562
EBC-1,EBC1,ACH-000563
KHM-1B,KHM1B,ACH-000564
RCM-1,RCM1,ACH-000565
SW-1710,SW1710,ACH-000566
ST486,ST486,ACH-000567
UACC-812,UACC812,ACH-000568
IST-MES1,ISTMES1,ACH-000569
YKG1,YKG1,ACH-000570
T98G,T98G,ACH-000571
G-361,G361,ACH-000572
MDA-MB-436,MDAMB436,ACH-000573
FU-OV-1,FUOV1,ACH-000574
NA,HCC364,ACH-000575
KMS-27,KMS27,ACH-000576
JHH-2,JHH2,ACH-000577
HCC-1171,HCC1171,ACH-000578
C32,C32,ACH-000580
SNU-16,SNU16,ACH-000581
COLO 741,COLO741,ACH-000582
MC116,MC116,ACH-000583
JHOS-4,JHOS4,ACH-000584
EPLC-272H,EPLC272H,ACH-000585
NCI-H1876,NCIH1876,ACH-000586
NCI-H1975,NCIH1975,ACH-000587
KMS-26,KMS26,ACH-000588
NCI-H1437,NCIH1437,ACH-000589
NCI-H2073,NCIH2073,ACH-000590
NA,LN235,ACH-000591
TM-31,TM31,ACH-000592
BC-3C,BC3C,ACH-000593
DMS 153,DMS153,ACH-000594
LN-229,LN229,ACH-000595
LCLC-97TM1,LCLC97TM1,ACH-000596
TTC-709,TTC709,ACH-000597
KMS-21BM,KMS21BM,ACH-000598
PA-TU-8902,PATU8902,ACH-000599
SLR 26,SLR26,ACH-000600
MIA PaCa-2,MIAPACA2,ACH-000601
M-07e,M07E,ACH-000602
BEN,BEN,ACH-000603
KYO-1,KYO1,ACH-000604
TE-6,TE6,ACH-000605
PE/CA-PJ34 (clone C12),PECAPJ34CLONEC12,ACH-000606
KYM-1,KYM1,ACH-000607
COV644,COV644,ACH-000608
SF126,SF126,ACH-000609
NCI-H2227,NCIH2227,ACH-000610
SU-DHL-6,SUDHL6,ACH-000611
NA,HUT102,ACH-000612
HOS,HOS,ACH-000613
RVH-421,RVH421,ACH-000614
Hs 746T,HS746T,ACH-000616
SNU-1041,SNU1041,ACH-000618
PE/CA-PJ15,PECAPJ15,ACH-000619
JHH-1,JHH1,ACH-000620
MDA-MB-157,MDAMB157,ACH-000621
KNS-42,KNS42,ACH-000622
SNU-201,SNU201,ACH-000623
HCC1806,HCC1806,ACH-000624
Hep 3B2.1-7,HEP3B217,ACH-000625
U266B1,U266B1,ACH-000626
LCLC-103H,LCLC103H,ACH-000627
NCI-H596,NCIH596,ACH-000628
NA,IOMMLEE,ACH-000629
YD-8,YD8,ACH-000630
KS-1,KS1,ACH-000631
Hs 944.T,HS944T,ACH-000632
FU97,FU97,ACH-000633
LN-340,LN340,ACH-000634
SNU-119,SNU119,ACH-000635
RPMI-8402,RPMI8402,ACH-000636
KYSE-520,KYSE520,ACH-000637
NCI-H441,NCIH441,ACH-000638
NCI-H211,NCIH211,ACH-000639
SK-MEL-31,SKMEL31,ACH-000640
CMK,CMK,ACH-000641
HMEL,HMEL,ACH-000642
HDQ-P1,HDQP1,ACH-000643
COLO 829,COLO829,ACH-000644
JL-1,JL1,ACH-000645
OVMANA,OVMANA,ACH-000646
TE-1,TE1,ACH-000647
NCI-H28,NCIH28,ACH-000648
786-O,786O,ACH-000649
IGR-37,IGR37,ACH-000650
SW 620,SW620,ACH-000651
SUIT-2,SUIT2,ACH-000652
JJN-3,JJN3,ACH-000653
Raji,RAJI,ACH-000654
SF268,SF268,ACH-000655
SU-DHL-8,SUDHL8,ACH-000656
A2780,A2780,ACH-000657
KMS-18,KMS18,ACH-000658
SCLC-21H,SCLC21H,ACH-000659
SU-DHL-5,SUDHL5,ACH-000660
WM1799,WM1799,ACH-000661
COR-L23,CORL23,ACH-000662
OVTOKO,OVTOKO,ACH-000663
SU-DHL-1,SUDHL1,ACH-000664
SK-MES-1,SKMES1,ACH-000665
NCI-H1355,NCIH1355,ACH-000666
HCC-44,HCC44,ACH-000667
HCC70,HCC70,ACH-000668
SW 900,SW900,ACH-000669
SBC-5,SBC5,ACH-000670
HuH-6,HUH6,ACH-000671
IA-LM,IALM,ACH-000672
LN-443,LN443,ACH-000673
NUGC-4,NUGC4,ACH-000674
NCI-H1734,NCIH1734,ACH-000675
LN-464,LN464,ACH-000676
SW 1573,SW1573,ACH-000677
MKN7,MKN7,ACH-000678
OE-19,OE19,ACH-000679
SW948,SW948,ACH-000680
A549,A549,ACH-000681
SNU-1066,SNU1066,ACH-000682
SNU-503,SNU503,ACH-000683
KMRC-1,KMRC1,ACH-000684
L3.3,L33,ACH-000685
SNU-878,SNU878,ACH-000686
CI-1,CI1,ACH-000687
OV7,OV7,ACH-000688
RH-18,RH18,ACH-000689
HCC-2814,HCC2814,ACH-000690
HCC2157,HCC2157,ACH-000691
SNU-899,SNU899,ACH-000692
KYSE-180,KYSE180,ACH-000693
TE-9,TE9,ACH-000694
COR-L47,CORL47,ACH-000695
A3/KAW,A3KAW,ACH-000697
DMS 53,DMS53,ACH-000698
HCC1395,HCC1395,ACH-000699
NA,NCIH2882,ACH-000700
RMUG-S,RMUGS,ACH-000701
L-1236,L1236,ACH-000702
DMS 79,DMS79,ACH-000703
OAW42,OAW42,ACH-000704
LC-1F,LC1F,ACH-000705
P3HR-1,P3HR1,ACH-000707
SNU-283,SNU283,ACH-000708
KMRC-2,KMRC2,ACH-000709
NCI-H854,NCIH854,ACH-000710
JIMT-1,JIMT1,ACH-000711
HCC-1833,HCC1833,ACH-000712
Caov-3,CAOV3,ACH-000713
KMS-11,KMS11,ACH-000714
SNU-1214,SNU1214,ACH-000715
TT2609-C02,TT2609C02,ACH-000716
COLO-680N,COLO680N,ACH-000717
NCI-H2291,NCIH2291,ACH-000718
RMG-I,RMGI,ACH-000719
TCCSUP,TCCSUP,ACH-000720
HMC-1-8,HMC18,ACH-000721
SNU-C1,SNUC1,ACH-000722
YD-10B,YD10B,ACH-000723
HT-1376,HT1376,ACH-000724
HCC202,HCC202,ACH-000725
TE-14,TE14,ACH-000726
NCI-H2066,NCIH2066,ACH-000727
KASUMI-2,KASUMI2,ACH-000728
NCI-H1963,NCIH1963,ACH-000729
HCC-2279,HCC2279,ACH-000731
PE/CA-PJ41 (clone D2),PECAPJ41CLONED2,ACH-000732
NCI-H1838,NCIH1838,ACH-000733
JHH-5,JHH5,ACH-000734
PE/CA-PJ49,PECAPJ49,ACH-000735
SNU-601,SNU601,ACH-000736
NCI-H1385,NCIH1385,ACH-000737
GB-1,GB1,ACH-000738
Hep G2,HEPG2,ACH-000739
A-253,A253,ACH-000740
U-BLC1,UBLC1,ACH-000741
NA,DM3,ACH-000742
COR-L95,CORL95,ACH-000743
NCI-H1623,NCIH1623,ACH-000744
MOLP-8,MOLP8,ACH-000745
GSS,GSS,ACH-000746
NCI-H1703,NCIH1703,ACH-000747
SJSA-1,SJSA1,ACH-000748
DMS 273,DMS273,ACH-000749
OCI-M1,OCIM1,ACH-000751
NCI-H196,NCIH196,ACH-000752
JMSU-1,JMSU1,ACH-000753
L-428,L428,ACH-000754
HCC2218,HCC2218,ACH-000755
GI-1,GI1,ACH-000756
A427,A427,ACH-000757
MKN74,MKN74,ACH-000758
MDA-MB-175-VII,MDAMB175VII,ACH-000759
LNZ308,LNZ308,ACH-000760
NUGC-2,NUGC2,ACH-000761
YD-38,YD38,ACH-000762
MM1-S,MM1S,ACH-000763
SH-10-TC,SH10TC,ACH-000764
WM-983B,WM983B,ACH-000765
NCI-H1648,NCIH1648,ACH-000766
NCI-H526,NCIH526,ACH-000767
MDA-MB-231,MDAMB231,ACH-000768
LK-2,LK2,ACH-000769
P31/FUJ,P31FUJ,ACH-000770
BICR 56,BICR56,ACH-000771
TE 441.T,TE441T,ACH-000772
Ki-JK,KIJK,ACH-000773
RERF-LC-Ad2,RERFLCAD2,ACH-000774
NCI-H727,NCIH727,ACH-000775
ONS-76,ONS76,ACH-000776
KYSE-30,KYSE30,ACH-000777
HSC-3,HSC3,ACH-000778
NA,PC9,ACH-000779
NCI-H1105,NCIH1105,ACH-000780
NCI-H2023,NCIH2023,ACH-000781
SEM,SEM,ACH-000782
CAMA-1,CAMA1,ACH-000783
KYSE-70,KYSE70,ACH-000784
NCI-H2126,NCIH2126,ACH-000785
Daudi,DAUDI,ACH-000786
LXF-289,LXF289,ACH-000787
A2058,A2058,ACH-000788
NCI-H810,NCIH810,ACH-000789
SHP-77,SHP77,ACH-000790
RERF-LC-Ad1,RERFLCAD1,ACH-000791
BFTC-909,BFTC909,ACH-000792
KATO III,KATOIII,ACH-000793
BICR 22,BICR22,ACH-000794
MOLT-13,MOLT13,ACH-000795
MCAS,MCAS,ACH-000796
HLF-a,HLFA,ACH-000797
CL-40,CL40,ACH-000798
Hs 695T,HS695T,ACH-000799
NCI-H446,NCIH446,ACH-000800
Hs 936.T,HS936T,ACH-000801
BFTC-905,BFTC905,ACH-000802
COLO 668,COLO668,ACH-000803
NB-1,NB1,ACH-000804
COLO-679,COLO679,ACH-000805
L-540,L540,ACH-000806
SNU-738,SNU738,ACH-000807
HuH28,HUH28,ACH-000808
KYSE-410,KYSE410,ACH-000809
SK-MEL-30,SKMEL30,ACH-000810
COLO-783,COLO783,ACH-000812
T3M-10,T3M10,ACH-000813
Hs 939.T,HS939T,ACH-000814
KM-H2,KMH2,ACH-000815
NCI-H524,NCIH524,ACH-000816
RPMI 8226,RPMI8226,ACH-000817
BT-483,BT483,ACH-000818
LN-18,LN18,ACH-000819
SW403,SW403,ACH-000820
EJM,EJM,ACH-000821
SK-MEL-24,SKMEL24,ACH-000822
KYSE-140,KYSE140,ACH-000823
KYSE-510,KYSE510,ACH-000824
CAL-12T,CAL12T,ACH-000826
WM-793,WM793,ACH-000827
ZR-75-30,ZR7530,ACH-000828
HuNS1,HUNS1,ACH-000829
NCI-H1436,NCIH1436,ACH-000830
HEC-50B,HEC50B,ACH-000831
CAL 27,CAL27,ACH-000832
RH-30,RH30,ACH-000833
UM-UC-1,UMUC1,ACH-000834
GCT,GCT,ACH-000835
YD-15,YD15,ACH-000836
NCI-H322,NCIH322,ACH-000837
AMO-1,AMO1,ACH-000838
SCaBER,SCABER,ACH-000839
HCC-366,HCC366,ACH-000840
NCI-H2087,NCIH2087,ACH-000841
SW 480,SW480,ACH-000842
HARA,HARA,ACH-000843
DMS 454,DMS454,ACH-000844
NCI-H1373,NCIH1373,ACH-000845
FaDu,FADU,ACH-000846
HGC-27,HGC27,ACH-000847
JHH-7,JHH7,ACH-000848
Hs 698.T,HS698T,ACH-000850
MOR/CPR,MORCPR,ACH-000851
NCI-H1435,NCIH1435,ACH-000852
NCI-H661,NCIH661,ACH-000853
OCI-MY5,OCIMY5,ACH-000854
KYSE-150,KYSE150,ACH-000855
CAL-51,CAL51,ACH-000856
CAL-85-1,CAL851,ACH-000857
KNS-62,KNS62,ACH-000858
HCC1954,HCC1954,ACH-000859
NCI-H358,NCIH358,ACH-000860
KMBC-2,KMBC2,ACH-000862
DBTRG-05MG,DBTRG05MG,ACH-000863
COLO 684,COLO684,ACH-000864
KYSE-450,KYSE450,ACH-000865
NCI-H1048,NCIH1048,ACH-000866
ChaGo-K-1,CHAGOK1,ACH-000867
HCC-1195,HCC1195,ACH-000868
NCI-H1568,NCIH1568,ACH-000869
NCI-H1930,NCIH1930,ACH-000870
NCI-H510,NCIH510,ACH-000871
HCC515,HCC515,ACH-000872
KYSE-270,KYSE270,ACH-000873
RS4;11,RS411,ACH-000874
NCI-H2347,NCIH2347,ACH-000875
MDA-MB-415,MDAMB415,ACH-000876
EB1,EB1,ACH-000877
HCC-15,HCC15,ACH-000878
MFE-296,MFE296,ACH-000879
AGS,AGS,ACH-000880
MEL-JUSO,MELJUSO,ACH-000881
IGR-1,IGR1,ACH-000882
SW 1783,SW1783,ACH-000883
MDA-MB-435S,MDAMB435S,ACH-000884
TOV-21G,TOV21G,ACH-000885
NCI-H2009,NCIH2009,ACH-000886
SF-172,SF172,ACH-000887
NCI-H1793,NCIH1793,ACH-000888
KMM-1,KMM1,ACH-000889
SW 1271,SW1271,ACH-000890
HCC-1438,HCC1438,ACH-000891
NCI-H1563,NCIH1563,ACH-000892
NCI-H1651,NCIH1651,ACH-000893
NCI-H1869,NCIH1869,ACH-000894
CL-34,CL34,ACH-000895
647-V,647V,ACH-000896
FTC-238,FTC238,ACH-000897
SNU-719,SNU719,ACH-000898
WM-88,WM88,ACH-000899
HCC-1359,HCC1359,ACH-000901
CAL-148,CAL148,ACH-000902
FTC-133,FTC133,ACH-000903
NCI-H2106,NCIH2106,ACH-000904
5637,5637,ACH-000905
ES-2,ES2,ACH-000906
SNU-349,SNU349,ACH-000907
SNU-520,SNU520,ACH-000908
JHUEM-2,JHUEM2,ACH-000909
MDA-MB-453,MDAMB453,ACH-000910
NUGC-3,NUGC3,ACH-000911
NCI-H2286,NCIH2286,ACH-000912
ESS-1,ESS1,ACH-000913
HT,HT,ACH-000914
IPC-298,IPC298,ACH-000915
NCI-H1573,NCIH1573,ACH-000916
TE-4,TE4,ACH-000917
MOLT-16,MOLT16,ACH-000918
IM95,IM95,ACH-000919
CML-T1,CMLT1,ACH-000920
NCI-H1339,NCIH1339,ACH-000921
RCH-ACV,RCHACV,ACH-000922
BCP-1,BCP1,ACH-000923
NCI-H2172,NCIH2172,ACH-000924
DV-90,DV90,ACH-000925
HT55,HT55,ACH-000926
BT-474,BT474,ACH-000927
JHUEM-1,JHUEM1,ACH-000928
NCI-H2110,NCIH2110,ACH-000929
HCC1569,HCC1569,ACH-000930
HMCB,HMCB,ACH-000931
SNU-1,SNU1,ACH-000932
SNU-324,SNU324,ACH-000933
MDA-MB-361,MDAMB361,ACH-000934
MDST8,MDST8,ACH-000935
EFO-27,EFO27,ACH-000936
PF-382,PF382,ACH-000937
"NALM-6","NALM6",ACH-000938
SK-UT-1,SKUT1,ACH-000939
AN3 CA,AN3CA,ACH-000940
HEC-1-B,HEC1B,ACH-000941
HPB-ALL,HPBALL,ACH-000942
RKO,RKO,ACH-000943
"NAMALWA","NAMALWA",ACH-000944
NCI-H650,NCIH650,ACH-000945
HEC-265,HEC265,ACH-000946
OVK18,OVK18,ACH-000947
23132/87,2313287,ACH-000948
TGBC11TKB,TGBC11TKB,ACH-000949
LoVo,LOVO,ACH-000950
NCI-H2342,NCIH2342,ACH-000951
MDA PCa 2b,MDAPCA2B,ACH-000952
SUP-T1,SUPT1,ACH-000953
HEC-1-A,HEC1A,ACH-000954
SNU-407,SNU407,ACH-000955
22Rv1,22RV1,ACH-000956
LS 180,LS180,ACH-000957
SW48,SW48,ACH-000958
SNU-C4,SNUC4,ACH-000959
Reh,REH,ACH-000960
Ishikawa (Heraklio) 02 ER-,ISHIKAWAHERAKLIO02ER,ACH-000961
OC 314,OC314,ACH-000962
CCK-81,CCK81,ACH-000963
MOLT-3,MOLT3,ACH-000964
RL95-2,RL952,ACH-000965
SNU-C2A,SNUC2A,ACH-000967
COLO 792,COLO792,ACH-000968
SNU-C5,SNUC5,ACH-000970
HCT 116,HCT116,ACH-000971
HEC-151,HEC151,ACH-000972
639-V,639V,ACH-000973
SNG-M,SNGM,ACH-000974
NA,HCC2450,ACH-000975
HuCCT1,HUCCT1,ACH-000976
LNCaP clone FGC,LNCAPCLONEFGC,ACH-000977
EN,EN,ACH-000978
DU 145,DU145,ACH-000979
NCI-H1155,NCIH1155,ACH-000980
DND-41,DND41,ACH-000981
GP2d,GP2D,ACH-000982
KCL-22,KCL22,ACH-000983
HEC-6,HEC6,ACH-000984
LS411N,LS411N,ACH-000985
HT115,HT115,ACH-000986
MeWo,MEWO,ACH-000987
MFE-319,MFE319,ACH-000988
SNU-175,SNU175,ACH-000989
HEC-108,HEC108,ACH-000990
SNU-81,SNU81,ACH-000991
BICR 18,BICR18,ACH-000992
JHUEM-7,JHUEM7,ACH-000993
HEC-59,HEC59,ACH-000994
JURKAT,JURKAT,ACH-000995
HEC-251,HEC251,ACH-000996
CW-2,CW2,ACH-000998
SNU-1040,SNU1040,ACH-000999
NA,1321N1,ACH-001000
143B,143B,ACH-001001
NA,451LU,ACH-001002
NA,501MEL,ACH-001003
NA,769PVHL,ACH-001004
NA,862,ACH-001005
NA,A549BAXBAKDKO,ACH-001006
A673STAG2KO16,A673STAG2KO16,ACH-001007
A673STAG2KO45,A673STAG2KO45,ACH-001008
A673STAG2NT14,A673STAG2NT14,ACH-001009
A673STAG2NT23,A673STAG2NT23,ACH-001010
NA,ACCS,ACH-001011
NA,ARP1,ACH-001012
NA,ATRT1,ACH-001013
ATRT3,ATRT3,ACH-001014
NA,AZ521,ACH-001015
Becker,BECKER,ACH-001016
NA,BGC823,ACH-001017
BJ hTERT,BJHTERT,ACH-001018
BroLi,BROLI,ACH-001019
BT-16,BT16,ACH-001020
NA,C3A,ACH-001021
CBAGPN,CBAGPN,ACH-001022
CGTH-W-1,CGTHW1,ACH-001023
CHL-1,CHL1,ACH-001024
NA,CHLA02ATRT,ACH-001025
NA,CHLA04ATRT,ACH-001026
NA,CHLA05ATRT,ACH-001027
CHLA-06,CHLA06ATRT,ACH-001028
CHLA-10,CHLA10,ACH-001029
NA,CHLA218,ACH-001030
CHLA-266,CHLA266,ACH-001031
CHLA-32,CHLA32,ACH-001032
CHLA-57,CHLA57,ACH-001033
CHLA-9,CHLA9,ACH-001034
CHLA-99,CHLA99,ACH-001035
CMK-11-5,CMK115,ACH-001036
CMK-86,CMK86,ACH-001037
NA,COGE352,ACH-001038
NA,COLO677,ACH-001040
COLO-699,COLO699,ACH-001041
COLO-704,COLO704,ACH-001042
NA,COLO775,ACH-001043
NA,COLO818,ACH-001044
NA,COLO849,ACH-001045
COR-L26,CORL26,ACH-001046
NA,CORL51,ACH-001047
COV504,COV504,ACH-001048
NA,CPCN,ACH-001049
CW9019,CW9019,ACH-001050
D271,D271,ACH-001051
D384,D384,ACH-001052
D425,D425,ACH-001053
D458,D458,ACH-001054
D556,D556,ACH-001055
NA,D8817,ACH-001056
NA,DERL2,ACH-001057
NA,DFCI024,ACH-001058
NA,DL,ACH-001059
NA,DL40,ACH-001060
DLD-1,DLD1,ACH-001061
NA,DLD1BAXBAKDKO,ACH-001062
DOV13,DOV13,ACH-001063
EB-2,EB2,ACH-001064
NA,EVSAT,ACH-001065
NA,EWS834,ACH-001066
F5,F5,ACH-001067
NA,FEPD,ACH-001068
NA,FLO,ACH-001069
NA,FUDDLS1,ACH-001070
NA,GLC82,ACH-001071
GR-M,GRM,ACH-001072
NA,H128,ACH-001073
NA,H2107,ACH-001074
NCI-H292,NCIH292,ACH-001075
NA,HAED,ACH-001076
NA,HBL1,ACH-001077
HCC-1588,HCC1588,ACH-001078
NA,HCC1897,ACH-001079
NA,HCC2373,ACH-001080
NA,HCC2998,ACH-001081
HCT116G9B,HCT116G9B,ACH-001082
NA,HCT116PA,ACH-001083
HCT8,HCT8,ACH-001084
NA,HEK293,ACH-001085
NA,HELA,ACH-001086
HK-2,HK2,ACH-001087
NA,HLC1,ACH-001088
NA,HLE,ACH-001089
NA,HN,ACH-001090
HRT18,HRT18,ACH-001091
NA,HS571T,ACH-001092
NA,HS604T,ACH-001093
NA,HTK,ACH-001094
NA,IA5,ACH-001095
JR,JR,ACH-001096
NA,KARPAS384,ACH-001097
KCI-MOH1,KCIMOH1,ACH-001098
KD,KD,ACH-001099
NA,KHYG,ACH-001100
NA,KLM1,ACH-001101
NA,KMS1,ACH-001102
NA,KMS12PE,ACH-001103
NA,KO51,ACH-001105
KOPN-8,KOPN8,ACH-001106
NA,KP1N,ACH-001107
KP-1NL,KP1NL,ACH-001108
KP-MRT-RY,KPMRTRY,ACH-001109
NA,L3411N,ACH-001110
L82,L82,ACH-001111
NA,LC1,ACH-001112
LC-1/sq-SF,LC1SQSF,ACH-001113
NA,LN414,ACH-001114
NA,LN444,ACH-001115
NA,LP6,ACH-001116
NA,LS141,ACH-001117
NA,M059J,ACH-001118
Mac-2A,MAC2A,ACH-001119
NA,MB157,ACH-001120
NA,MEC2,ACH-001121
NA,MKL1,ACH-001122
NA,MKL2,ACH-001123
NA,MMAS,ACH-001124
NA,MOGGCCM,ACH-001125
NA,MOGGUVW,ACH-001126
NA,MOLT4,ACH-001127
MON,MON,ACH-001128
MONO-MAC-1,MONOMAC1,ACH-001129
MOTN-1,MOTN1,ACH-001130
MS-1,MSDASH1,ACH-001131
NA,MTA,ACH-001132
MYLA,MYLA,ACH-001134
NA,NCIH1334,ACH-001135
NCI-H187,NCIH187,ACH-001136
NCI-H1993,NCIH1993,ACH-001137
NCI-H2141,NCIH2141,ACH-001138
NA,H69SB,ACH-001139
NCI-H820,NCIH820,ACH-001140
NCI-H969,NCIH969,ACH-001141
NHAHTDD,NHAHTDD,ACH-001142
NA,NKL,ACH-001143
NA,OC315,ACH-001144
OC 316,OC316,ACH-001145
NA,OCILY10,ACH-001146
NA,OCILY12,ACH-001147
OCILY-13,OCILY132,ACH-001148
NA,OCILY17,ACH-001149
OUMS-27,OUMS27,ACH-001150
NA,PATU8902T,ACH-001152
PATU8988TKRASKOSG2219,PATU8988TKRASKOSG2219,ACH-001153
PATU8988TKRASKOSG2222,PATU8988TKRASKOSG2222,ACH-001154
PATU8988TKRASKOSG248,PATU8988TKRASKOSG2248,ACH-001155
PATU8988TKRASKOSG8853,PATU8988TKRASKOSG8853,ACH-001156
PATU8988TKRASKOSG8864,PATU8988TKRASKOSG8864,ACH-001157
PATU8988TKRASKOSG8875,PATU8988TKRASKOSG8875,ACH-001158
PATU8988TKRASNTA,PATU8988TKRASNTA,ACH-001159
PATU8988TKRASNTD,PATU8988TKRASNTD,ACH-001160
PATU8988TKRASNTF,PATU8988TKRASNTF,ACH-001161
PCM6,PCM6,ACH-001162
Peds005T Susp,CCLFPEDS0001T,ACH-001163
CCLF_PEDS_0003_T,CCLFPEDS0003T,ACH-001164
NA,PEDS018T,ACH-001165
NA,PEDS019TBT,ACH-001166
NA,PEDS030T,ACH-001167
NA,PEDS037TFM,ACH-001169
NA,PETA,ACH-001170
NA,PL45,ACH-001171
U-251 MG,U251MGDM,ACH-001172
NA,NA,ACH-001173
NA,R308,ACH-001174
RCC-4,RCC4,ACH-001175
NA,RDD8107,ACH-001176
RMS559,RMS559,ACH-001177
NA,RPE101,ACH-001178
NA,RPE1A4D,ACH-001179
NA,RPE1T,ACH-001180
NA,RPE74,ACH-001181
RPMI 6666,RPMI6666,ACH-001182
NA,RT11284,ACH-001183
SCMC-RM2,SCMCRM2,ACH-001184
NA,SF763,ACH-001185
NA,SF782,ACH-001186
NA,SF8657,ACH-001187
SH-SY5Y,SHSY5Y,ACH-001188
NA,SJRH30,ACH-001189
NA,SKMM1,ACH-001191
SK-NEP-1,SKNEP1,ACH-001192
SK-PN-DW,SKPNDW,ACH-001193
SK-RC 31,SKRC31,ACH-001194
NA,SKRC52,ACH-001195
SMS-CTR,SMSCTR,ACH-001196
NA,SMZ1,ACH-001197
NA,SNB19,ACH-001198
SNUC2B,SNUC2B,ACH-001199
STM91-01,STM9101,ACH-001200
SU-MB-002,SUMB002,ACH-001201
NA,SUMB004,ACH-001202
SUP-HD1,SUPHD1,ACH-001203
NA,SW48BAXBAKDKO,ACH-001204
TC-32,TC32,ACH-001205
NA,TTC466,ACH-001206
TIG-3 TD,TIG3TD,ACH-001207
NA,TK10,ACH-001208
TOM-1,TOM1,ACH-001209
TTC-1240,TTC1240,ACH-001210
TTC-549,TTC549,ACH-001211
TTC-642,TTC642,ACH-001212
NA,U138,ACH-001213
NA,U138MG,ACH-001214
NA,U2932,ACH-001215
NA,U345,ACH-001216
NA,U373MG,ACH-001217
NA,U937SMC3HET1,ACH-001218
U937-SMC3 heterozygous clone 2,U937SMC3HET2,ACH-001219
U937-STAG2 knockout clone 1,U937STAG2KO1,ACH-001220
U937-STAG2 knockout clone 2,U937STAG2KO2,ACH-001221
U937-control guide clone 1,U937STAG2NT1,ACH-001222
U937-control guide clone 2,U937STAG2NT2,ACH-001223
NA,UMRC2,ACH-001224
NA,UMRC6NEO,ACH-001225
NA,UMRC6VHL,ACH-001226
UPCI-SCC-090,UPCISCC090,ACH-001227
NA,UPCISCC152,ACH-001228
UPCI-SCC-154,UPCISCC154,ACH-001229
NA,UT7,ACH-001230
UTMC-2,UTMC2,ACH-001231
NA,UW228,ACH-001232
VMRC-LCD,VMRCLCD,ACH-001233
VMRC-LCP,VMRCLCP,ACH-001234
WaGa,WAGA,ACH-001235
NA,WM1930,ACH-001236
NA,WM1960,ACH-001237
NA,WM1976,ACH-001238
WM-266-4,WM2664,ACH-001239
NA,WM3163,ACH-001240
NA,WM3453,ACH-001241
NA,WM3627,ACH-001242
NA,WM3629,ACH-001243
NA,WM3670,ACH-001244
NA,WM3682,ACH-001245
NA,WM3702,ACH-001246
NA,XG1,ACH-001247
NA,XG6,ACH-001248
NA,YMB1,ACH-001249
NA,HTCC116MUTHOM,ACH-001250
"HCT116ARID1AWT, HCT116ARID1AHOM",HCT116ARID1AHOM,ACH-001251
U937_STAG2_KO_G2.C5-101Cas9,U937STAG2KOG2C5,ACH-001252
U937_STAG2_KO_G2.D5C-101Cas9,U937STAG2KOG2D5C,ACH-001253
U937_STAG2_KO_G2.E1-101Cas9,U937STAG2KOG2E1,ACH-001254
U937_STAG2_KO_G2.G8B-101Cas9,U937STAG2KOG2G8B,ACH-001255
U937_NC_B12-101Cas9,U937NCB12,ACH-001256
U937_NC_B1-101Cas9,U937NCB1,ACH-001257
U937_NC_B2A-101Cas9,U937NCB2A,ACH-001258
U937_NC_C4-101Cas9,U937NCC4,ACH-001259
PATU8988T_KRAS_KO_01.222,PATU8988T_KRAS_KO_01.222,ACH-001260
PATU8988T_KRAS_KO_02.864,PATU8988T_KRAS_KO_02.864,ACH-001261
PATU8988T_KRAS_KO_02.875,PATU8988T_KRAS_KO_02.875,ACH-001262
PATU8988T_NC_A1,PATU8988T_NC_A1,ACH-001263
PATU8988T_NC_D1,PATU8988T_NC_D1,ACH-001264
PATU8988T_NC_F1,PATU8988T_NC_F1,ACH-001265
PATU8988T_KRAS_KO_02.853,PATU8988TKRASKO02853,ACH-001267
HCT116ARID1AKOHD104031,HCT116ARID1AKOHD104031,ACH-001268
HCT116_ARID1A_KO_HD104049,HCT116ARID1AKOHD104049,ACH-001269
1273/99,127399,ACH-001270
Aska,ASKA,ACH-001271
Fuji,FUJI,ACH-001272
HSSY2,HSSY2,ACH-001273
SW982,SW982,ACH-001274
SYO1,SYO1,ACH-001275
YaFu-SS,YAFUSS,ACH-001276
Yamato,YAMATO,ACH-001277
BIN-67,BIN67,ACH-001278
SCCOHT-1,SCCOHT1,ACH-001279
SCS-214,SCS214,ACH-001280
CHLA-01,CHLA01,ACH-001281
CHLA258,CHLA258,ACH-001282
TC-106,TC106,ACH-001283
MV411 Cas9,MV411CAS9,ACH-001288
COG-AR-359,COGAR359,ACH-001289
CUEWS-88755,CUEWS88755,ACH-001290
COG-W-408,COGW408,ACH-001291
COG-H-430,COGH430,ACH-001292
CHLA-200,CHLA200,ACH-001293
CHLA-259,CHLA259,ACH-001294
Y-79,Y79,ACH-001295
LN-443,MERGEDTOACH000673LN443,ACH-001297
LN464,LN464CAS9,ACH-001298
LN382,LN382CAS9,ACH-001299
CHLA15,CHLA15,ACH-001300
COGN278,COGN278,ACH-001301
COG-N-305,COGN305,ACH-001302
NB1643,NB1643,ACH-001303
Peds056,PEDS056,ACH-001305
8305C,8305C,ACH-001306
8505C,8505C,ACH-001307
COLO-699,MERGEDTOACH001041COLO699,ACH-001308
D341 Med,MERGEDTOACH000095D341MED,ACH-001309
HA1E,HA1E,ACH-001310
HSC-2,MERGEDTOACH000472HSC2,ACH-001311
HSC-3,MERGEDTOACH000778HSC3,ACH-001312
PE/CA-PJ34 (clone C12),MERGEDTOACH000606PECAPJ34CLONEC12,ACH-001314
PE/CA-PJ49,MERGEDTOACH000735PECAPJ49,ACH-001315
Peds005T Susp,CCLFPEDS0001TSUSP,ACH-001316
PEDS037,PEDS037,ACH-001317
PLC/PRF/5,PLCPRF5,ACH-001318
SCC-25,MERGEDTOACH000188SCC25,ACH-001319
SCC-4,MERGEDTOACH000238SCC4,ACH-001320
TT,TT,ACH-001321
CME-1,CME1,ACH-001322
SF10067,SF10067,ACH-001324
SF10074,SF10074,ACH-001325
SF10767,SF10767,ACH-001326
Med-311FHTC,MED311,ACH-001327
A-431,A431,ACH-001328
ANGM-CSS,ANGMCSS,ACH-001329
ATRFLOX,ATRFLOX,ACH-001330
BICR 10,BICR10,ACH-001331
BICR 78,BICR78,ACH-001332
C-33 A,C33A,ACH-001333
C-4 I,C4I,ACH-001334
C-4 II,C4II,ACH-001335
Ca Ski,CASKI,ACH-001336
Cates-1B,CATES1B,ACH-001337
CHP-134,CHP134,ACH-001338
Colo 794,COLO794,ACH-001339
COV413A,COV413A,ACH-001340
DoTc2 4510,DOTC24510,ACH-001341
GH329,GH329,ACH-001342
GH354,GH354,ACH-001343
GI-ME-N,GIMEN,ACH-001344
GP5d,GP5D,ACH-001345
H103,H103,ACH-001346
H157,H157,ACH-001347
H1HeLa,H1HELA,ACH-001348
HD-MB03,HDMB03,ACH-001349
HTC-C3,HTCC3,ACH-001350
Human Ovarian Carcinoma Epithelial Cells,HUOCE,ACH-001351
HUPCE,HUPCE,ACH-001352
JOPACA-1,JOPACA1,ACH-001353
LAN-2,LAN2,ACH-001354
LAN-6,LAN6,ACH-001355
MB-1,MB1,ACH-001356
MCF 10A,MCF10A,ACH-001357
MDA-MB-330,MDAMB330,ACH-001358
ME-180,ME180,ACH-001359
MS751,MS751,ACH-001360
NBL-S,NBLS,ACH-001361
NCI-H1770,NCIH1770,ACH-001362
NCI-H2135,NCIH2135,ACH-001363
NCI-H345,NCIH345,ACH-001364
NCI-H847,NCIH847,ACH-001365
NGP,NGP,ACH-001366
NMB,NMB,ACH-001367
OAC-M5.1,OACM51,ACH-001368
OCI-C5x,OCIC5X,ACH-001369
OCI-P5x,OCIP5X,ACH-001370
OCI-P8p,OCIP8P,ACH-001371
OCI-P9a1,OCIP9A1,ACH-001372
OV17R,OV17R,ACH-001373
PA-1 [PA1],PA1,ACH-001374
PACADD-119,PACADD119,ACH-001375
PACADD-135,PACADD135,ACH-001376
PACADD-137,PACADD137,ACH-001377
PACADD-159,PACADD159,ACH-001378
PACADD-161,PACADD161,ACH-001379
PACADD-165,PACADD165,ACH-001380
PACADD-183,PACADD183,ACH-001381
PACADD-188,PACADD188,ACH-001382
PWR-1E,PWR1E,ACH-001383
RO82-W-1,RO82W1,ACH-001384
RPMI 2650,RPMI2650,ACH-001385
SCLC-22H,SCLC22H,ACH-001386
SUM-102PT,SUM102PT,ACH-001388
SUM-1315MO2,SUM1315MO2,ACH-001389
SUM-149PT,SUM149PT,ACH-001390
SUM-159PT,SUM159PT,ACH-001391
SUM-185PE,SUM185PE,ACH-001392
SUM-190PT,SUM190PT,ACH-001393
SUM-229PE,SUM229PE,ACH-001394
SUM-44PE,SUM44PE,ACH-001395
"SUM-52PE, SUM52",SUM52PE,ACH-001396
SUM225CWN,SUM225CWN,ACH-001397
SW 156,SW156,ACH-001398
SW 626,SW626,ACH-001399
SW 954,SW954,ACH-001400
SW-13,SW13,ACH-001401
SW756,SW756,ACH-001402
TO14,TO14,ACH-001403
UACC-1179,UACC1179,ACH-001404
UACC-462,UACC462,ACH-001405
UACC-732,UACC732,ACH-001406
UM-UC-13,UMUC13,ACH-001407
UM-UC-14,UMUC14,ACH-001408
UM-UC-16,UMUC16,ACH-001409
UM-UC-4,UMUC4,ACH-001410
UM-UC-5,UMUC5,ACH-001411
UM-UC-10,UMUC10,ACH-001412
UM-UC-11,UMUC11,ACH-001413
UM-UC-6,UMUC6,ACH-001414
UM-UC7,UMUC7,ACH-001415
UM-UC9,UMUC9,ACH-001416
UMC-11,UMC11,ACH-001417
UWB1.289,UWB1289,ACH-001418
VP229,VP229,ACH-001419
VP303,VP303,ACH-001420
WERI-Rb-1,WERIRB1,ACH-001421
WPE1-NA22,WPE1NA22,ACH-001422
CCLF_PEDS_0002_T,CCLFPEDS0002T,ACH-001423
PEDS017,PEDS017,ACH-001424
CCLF_PEDS_0004_T,CCLFPEDS0004T,ACH-001425
PEDS019,PEDS019,ACH-001426
CCLF_PEDS_0007_T,CCLFPEDS0007T,ACH-001427
CCLF_PEDS_0010_T,CCLFPEDS0010T,ACH-001428
CCLF_PEDS_0009_T,CCLFPEDS0009T,ACH-001429
TC138,TC138,ACH-001430
TC205,TC205,ACH-001431
SNU408,SNU408,ACH-001432
CCLF_PEDS_0008_T,CCLFPEDS0008T,ACH-001433
MSK-B9,MSKB9,ACH-001434
1156QE/8,1156QE8,ACH-001435
1411H,1411H,ACH-001436
1618-K,1618K,ACH-001437
1777N Rpmet,1777NRPMET,ACH-001438
577MF,577MF,ACH-001439
833KE,833KE,ACH-001440
92-1,921,ACH-001441
A388,A388,ACH-001442
ASH-3,ASH3,ACH-001443
BeWo,BEWO,ACH-001444
BICR 3,BICR3,ACH-001445
BICR 82,BICR82,ACH-001446
BJAB,BJAB,ACH-001447
BL-100,BL100,ACH-001448
BL-2,BL2,ACH-001449
BLUE-1,BLUE1,ACH-001450
BOKU,BOKU,ACH-001451
BONNA-12,BONNA12,ACH-001452
BPH-1,BPH1,ACH-001453
C10,C10,ACH-001454
C106,C106,ACH-001455
C125PM,C125PM,ACH-001456
C70,C70,ACH-001457
C75,C75,ACH-001458
C80,C80,ACH-001459
C84,C84,ACH-001460
C99,C99,ACH-001461
CHLA-11,CHLA11,ACH-001462
CHLA-12,CHLA12,ACH-001463
CHLA-122,CHLA122,ACH-001464
CHLA-136,CHLA136,ACH-001465
CHLA-140,CHLA140,ACH-001466
CHLA-144,CHLA144,ACH-001467
CHLA-145,CHLA145,ACH-001468
CHLA-171,CHLA171,ACH-001469
CHLA-172,CHLA172,ACH-001470
CHLA-20,CHLA20,ACH-001471
CHLA-225,CHLA225,ACH-001472
CHLA-247,CHLA247,ACH-001473
CHLA-253,CHLA253,ACH-001474
CHLA-42,CHLA42,ACH-001475
CHLA-52,CHLA52,ACH-001476
CHLA-53,CHLA53,ACH-001477
CHLA-60,CHLA60,ACH-001478
CHLA-61,CHLA61,ACH-001479
CHLA-79,CHLA79,ACH-001480
CHLA-90,CHLA90,ACH-001481
CHLA-95,CHLA95,ACH-001482
CHP-100,CHP100,ACH-001483
CI,CI,ACH-001484
CII,CII,ACH-001485
COG-N-291,COGN291,ACH-001486
COG-N-316,COGN316,ACH-001487
COG-N-321,COGN321,ACH-001488
COR-L32,CORL32,ACH-001489
COR-L321,CORL321,ACH-001490
DND-39,DND39,ACH-001491
DOGKIT,DOGKIT,ACH-001492
DOGUM,DOGUM,ACH-001493
EGI-1,EGI1,ACH-001494
EMTOKA,EMTOKA,ACH-001495
ESO26,ESO26,ACH-001496
ESO51,ESO51,ACH-001497
Farage,FARAGE,ACH-001498
FLAM-76,FLAM76,ACH-001499
FLO-1,FLO1,ACH-001500
FTC-236,FTC236,ACH-001501
GCT-27,GCT27,ACH-001502
GUMBUS,GUMBUS,ACH-001503
H314,H314,ACH-001508
H357,H357,ACH-001509
H376,H376,ACH-001510
H413,H413,ACH-001511
HAC-2,HAC2,ACH-001512
HCA-1,HCA1,ACH-001513
HCC1008,HCC1008,ACH-001514
HCS-2,HCS2,ACH-001515
HCSC-1,HCSC1,ACH-001516
HEC-1,HEC1,ACH-001517
HEC-116,HEC116,ACH-001518
H-EMC-SS,HEMCSS,ACH-001519
HG-3,HG3,ACH-001520
HKA-1,HKA1,ACH-001521
HMY-1,HMY1,ACH-001522
HSC-1,HSC1,ACH-001523
HSC-5,HSC5,ACH-001524
HT-3,HT3,ACH-001525
HuO9,HUO9,ACH-001526
I83-E95,I83E95,ACH-001527
IHH-4,IHH4,ACH-001528
JAR,JAR,ACH-001529
JEG-3,JEG3,ACH-001530
JIM3,JIM3,ACH-001531
JMU-RTK-2,JMURTK2,ACH-001532
KARPAS 1718,KARPAS1718,ACH-001533
KARPAS 417,KARPAS417,ACH-001534
KHOS-312H,KHOS312H,ACH-001535
KKU-100,KKU100,ACH-001536
KKU-055,KKU055,ACH-001537
KKU-213,KKU213,ACH-001538
KML-1,KML1,ACH-001539
KMLS-1,KMLS1,ACH-001540
KMS-28PE,KMS28PE,ACH-001541
KON,KON,ACH-001542
KOSC-2,KOSC2,ACH-001543
KYAE-1,KYAE1,ACH-001544
LI90,LI90,ACH-001545
LIM1215,LIM1215,ACH-001546
LO68,LO68,ACH-001547
LS,LS,ACH-001548
Lu-135,LU135,ACH-001549
MCC13,MCC13,ACH-001550
MCC14/2,MCC142,ACH-001551
MCC26,MCC26,ACH-001552
MEG-A2,MEGA2,ACH-001553
mel-202,MEL202,ACH-001554
Mero-14,MERO14,ACH-001555
Mero-25,MERO25,ACH-001556
Mero-41,MERO41,ACH-001557
Mero-48a,MERO48A,ACH-001558
Mero-82,MERO82,ACH-001559
Mero-83,MERO83,ACH-001560
Mero-84,MERO84,ACH-001561
Mero-95,MERO95,ACH-001562
MM127,MM127,ACH-001563
MM138,MM138,ACH-001564
MM170,MM170,ACH-001565
MM370,MM370,ACH-001566
MM383,MM383,ACH-001567
MM386,MM386,ACH-001568
MM415,MM415,ACH-001569
MM426,MM426,ACH-001570
Mo [Mo T],MO,ACH-001571
Mo-B,MOB,ACH-001572
MOLM-1,MOLM1,ACH-001573
MOLM-14,MOLM14,ACH-001574
MOLM-20,MOLM20,ACH-001575
MUTZ-2,MUTZ2,ACH-001576
MUTZ-8,MUTZ8,ACH-001577
NCCIT,NCCIT,ACH-001578
NCC-OvC-K119,NCCOVCK119,ACH-001579
NCC-RbC-39,NCCRBC39,ACH-001580
NCC-RbC-51,NCCRBC51,ACH-001581
NCC-RbC-53,NCCRBC53,ACH-001582
NCC-RbC-54,NCCRBC54,ACH-001583
NCC-RbC-56,NCCRBC56,ACH-001584
NCC-RbC-57,NCCRBC57,ACH-001585
NCC-RbC-59,NCCRBC59,ACH-001586
NCC-RbC-67,NCCRBC67,ACH-001587
NCC-RbC-83,NCCRBC83,ACH-001588
NCC-RbC-92,NCCRBC92,ACH-001589
NCC-RbC-T1,NCCRBCT1,ACH-001590
NCI-H1417,NCIH1417,ACH-001591
NCI-H1522,NCIH1522,ACH-001592
NCI-H1672,NCIH1672,ACH-001593
NCI-H2107,NCIH2107,ACH-001594
NCI-H2108,NCIH2108,ACH-001595
NCI-H2195,NCIH2195,ACH-001596
NCI-H220,NCIH220,ACH-001597
NCI-H295R,NCIH295R,ACH-001598
NCI-H64,NCIH64,ACH-001599
NCI-H711,NCIH711,ACH-001600
NCI-H719,NCIH719,ACH-001601
NCI-H865,NCIH865,ACH-001602
NH-12,NH12,ACH-001603
NJG,NJG,ACH-001604
no.10,NO10,ACH-001605
no.11,NO11,ACH-001606
NOZ,NOZ,ACH-001607
NP 2,NP2,ACH-001608
NP 3,NP3,ACH-001609
NP 5,NP5,ACH-001610
NP 8,NP8,ACH-001611
OCI-AML1,OCIAML1,ACH-001612
OCI-AML4,OCIAML4,ACH-001613
OCI-AML6,OCIAML6,ACH-001614
OCI-LY1,OCILY1,ACH-001615
OCI-LY18,OCILY18,ACH-001616
OCI-LY7,OCILY7,ACH-001617
OCI-M2,OCIM2,ACH-001618
OCUG-1,OCUG1,ACH-001619
Onda 10,ONDA10,ACH-001620
Onda 11,ONDA11,ACH-001621
Onda 7,ONDA7,ACH-001622
Onda 8,ONDA8,ACH-001623
Onda 9,ONDA9,ACH-001624
OSC-19,OSC19,ACH-001625
OSC-20,OSC20,ACH-001626
P4E6,P4E6,ACH-001627
PEA1,PEA1,ACH-001628
PEA2,PEA2,ACH-001629
PEO1,PEO1,ACH-001630
PEO16,PEO16,ACH-001631
PEO4,PEO4,ACH-001632
PEO6,PEO6,ACH-001633
PGA-1,PGA1,ACH-001634
PNT1A,PNT1A,ACH-001635
Ramos,RAMOS,ACH-001636
RB247C,RB247C,ACH-001637
RC-K8,RCK8,ACH-001638
ROS-50,ROS50,ACH-001639
RS-2,RS2,ACH-001640
SAT,SAT,ACH-001641
SCC-3,SCC3,ACH-001642
SCCH-196,SCCH196,ACH-001643
SCCH-26,SCCH26,ACH-001644
SEKI,SEKI,ACH-001645
SerBob,SERBOB,ACH-001646
SHI-1,SHI1,ACH-001647
Shmac 4,SHMAC4,ACH-001648
Shmac 5,SHMAC5,ACH-001649
SISO,SISO,ACH-001650
SKG-I,SKGI,ACH-001651
SKG-II,SKGII,ACH-001652
SK-GT-2,SKGT2,ACH-001653
SK-GT-4,SKGT4,ACH-001654
SKN,SKN,ACH-001655
SKNO-1,SKNO1,ACH-001656
SNG-II,SNGII,ACH-001657
SNU-1528,SNU1528,ACH-001658
SNU-1553,SNU1553,ACH-001659
SNU-1581,SNU1581,ACH-001660
SNU-1958,SNU1958,ACH-001661
SNU-2372,SNU2372,ACH-001662
SNU-334,SNU334,ACH-001663
SNU-638,SNU638,ACH-001664
STC 1,STC1,ACH-001666
SU-CCS-1,SUCCS1,ACH-001667
SUSA,SUSA,ACH-001668
TANOUE,TANOUE,ACH-001669
TASK1,TASK1,ACH-001670
Tera-1,TERA1,ACH-001671
Tera-2,TERA2,ACH-001672
TFK-1,TFK1,ACH-001673
TGW,TGW,ACH-001674
TR146,TR146,ACH-001675
Ty-82,TY82,ACH-001676
U-2904,U2904,ACH-001677
U-2940,U2940,ACH-001678
U-2973,U2973,ACH-001679
U-698-M,U698M,ACH-001680
UACC-1598,UACC1598,ACH-001681
UACC-2087,UACC2087,ACH-001682
UACC-3133,UACC3133,ACH-001683
UCSD-AML1,UCSDAML1,ACH-001684
U-HO1,UHO1,ACH-001685
ULA,ULA,ACH-001686
UM-RC-3,UMRC3,ACH-001687
UM-RC-7,UMRC7,ACH-001688
UOC-M1,UOCM1,ACH-001689
UPCI-SCC-026,UPCISCC026,ACH-001690
UPCI-SCC-029A,UPCISCC029A,ACH-001691
UPCI-SCC-040,UPCISCC040,ACH-001692
UPCI-SCC-072,UPCISCC072,ACH-001693
UPCI-SCC-074,UPCISCC074,ACH-001694
UPCI-SCC-099,UPCISCC099,ACH-001695
UPCI-SCC-111,UPCISCC111,ACH-001696
UPCI-SCC-114,UPCISCC114,ACH-001697
UPCI-SCC-116,UPCISCC116,ACH-001698
UPCI-SCC-131,UPCISCC131,ACH-001699
UPCI-SCC-172,UPCISCC172,ACH-001700
UPCI-SCC-200,UPCISCC200,ACH-001701
VA-ES-BJ,VAESBJ,ACH-001702
VAL,VAL,ACH-001703
VMRC-MELG,VMRCMELG,ACH-001704
VP267,VP267,ACH-001705
WA-C3CD5+,WAC3CD5,ACH-001706
WA-OSEL,WAOSEL,ACH-001707
WSU-FSCCL,WSUFSCCL,ACH-001708
WSU-NHL,WSUNHL,ACH-001709
YNH-1,YNH1,ACH-001710
PFSK-1,PFSK1,ACH-001711
Hs 860.T,HS860T,ACH-001712
HS704,HS704,ACH-001713
HS707,HS707T,ACH-001714
CAL-72,CAL72,ACH-001715
GOTO,GOTO,ACH-001716
OCI-C1P,OCIC1P,ACH-001717
OCI-C2P,OCIC2P,ACH-001718
OCI-C4P,OCIC4P,ACH-001719
OCI-P1A,OCIP1A,ACH-001720
OCI-P2A,OCIP2A,ACH-001721
OCI-P7A,OCIP7A,ACH-001722
OCI-D1P,OCID1P,ACH-001723
OCI-CSP,OCICSP,ACH-001724
OCI-U1A,OCIU1A,ACH-001725
OCI-E1P,OCIE1P,ACH-001726
OCI-EP1P,OCIEP1P,ACH-001727
OCI-M1P,OCIM1P,ACH-001728
OCI-E3X,OCIE3X,ACH-001729
OCI-P9A2,OCIP9A2,ACH-001730
FCI-P1P,FCIP1P,ACH-001731
FCI-P2P,FCIP2P,ACH-001732
SNU-ATRT-1,SNUATRT1,ACH-001733
SNU-ATRT-5,SNUATRT5,ACH-001734
SEMK2,SEMK2,ACH-001735
HB1119,HB1119,ACH-001736
HSB2,HSB2,ACH-001737
RH28,RH28,ACH-001740
NA,NA,ACH-001741
RMS,RMS,ACH-001742
RC2,RC2,ACH-001743
NRS-1,NRS1,ACH-001744
RhJT,RHJT,ACH-001745
NUTOS,NUTOS,ACH-001746
Ruch-2,RUCH2,ACH-001747
Ruch-3,RUCH3,ACH-001748
Birch,BIRCH,ACH-001749
TTC442,TTC442,ACH-001750
Rh36,RH36,ACH-001751
U937-GC1-A1,U937GC1A1,ACH-001752
U937-GC3-E1,U937GC3E1,ACH-001753
U937-STAG2-A2-F11,U937STAG2A2F11,ACH-001754
U937-STAG2-A2-G4,U937STAG2A2G4,ACH-001755
RD/pcDNA #1,RDPCDNA1,ACH-001756
RD/pcDNA #2,RDPCDNA2,ACH-001757
RD/P3F #7,RDP3F7,ACH-001758
RD/P3F #9,RDP3F9,ACH-001759
RD/P3F #14,RDP3F14,ACH-001760
MPNST605,MPNST605,ACH-001761
MPNST176,MPNST176,ACH-001762
MPNST14,MPNST14,ACH-001763
MPNST69,MPNST69,ACH-001764
Rh4,RH4,ACH-001765
KHYG-1,KHYG1,ACH-001766
CCLF_PEDS_0018_T,CCLFPEDS0018T,ACH-001767
K562-GC1-1,K562GC11,ACH-001768
K562-GC1-2,K562GC12,ACH-001769
K562-SMC3-F9,K562SMC3F9,ACH-001770
K562-SMC3-H9,K562SMC3H9,ACH-001771
K562-STAG2-C2,K562STAG2C2,ACH-001772
K562-STAG2-D5,K562STAG2D5,ACH-001773
TF1-GC1-1,TF1GC11,ACH-001774
TF1-GC1-2,TF1GC12,ACH-001775
TF1-SMC3-C6,TF1SMC3C6,ACH-001776
TF1-SMC3-D6,TF1SMC3D6,ACH-001777
TF1-STAG2-A10,TF1STAG2A10,ACH-001778
TF1-STAG2-B6,TF1STAG2B6,ACH-001779
U937-GC1-1,U937GC11,ACH-001780
U937-GC1-3,U937GC13,ACH-001781
U937-SMC3-H10,U937SMC3H10,ACH-001782
U937-SMC3-H8,U937SMC3H8,ACH-001783
U937-STAG2-A2,U937STAG2A2,ACH-001784
U937-STAG2-E10,U937STAG2E10,ACH-001785
SNU-1544,SNU1544,ACH-001786
BECK-10,BECK10,ACH-001788
NA,NA,ACH-001790
LPS6,LPS6,ACH-001791
LPS21,LPS21,ACH-001792
LPS27,LPS27,ACH-001793
93T449,93T449,ACH-001794
94T778,94T778,ACH-001795
95T1000,95T1000,ACH-001796
LPS26,LPS26,ACH-001797
NRH-LS1,NRHLS1,ACH-001798
LPS141,LPS141,ACH-001799
LPS141/239,LPS141239,ACH-001800
LPS141/266,LPS141266,ACH-001801
LPS853,LPS853,ACH-001802
LPS510,LPS510,ACH-001804
LPS407,LPS407,ACH-001805
LPS789,LPS789,ACH-001806
LPS067,LPS067,ACH-001807
LPS695,LPS695,ACH-001808
LPS774,LPS774,ACH-001809
C202,C202,ACH-001810
C219,C219,ACH-001811
C232,C232,ACH-001812
C242,C242,ACH-001813
OS252,OS252,ACH-001814
C387,C387,ACH-001815
C389,C389,ACH-001816
C393,C393,ACH-001817
C396,C396,ACH-001818
MFM-223,MFM223,ACH-001819
COLO-824,COLO824,ACH-001820
EFM-19,MERGEDTOACH000330EFM19,ACH-001821
HCC1739,HCC1739,ACH-001822
M4A4,M4A4,ACH-001823
NM2C5,NM2C5,ACH-001824
SW527,SW527,ACH-001825
Rh6,RH6,ACH-001826
184B5,184B5,ACH-001827
HCC1739 BL,HCC1739BL,ACH-001828
381T,381T,ACH-001829
Rh3,RH3,ACH-001830
Rh5,RH5,ACH-001831
TTC516,TTC516,ACH-001832
ICC1,ICC1,ACH-001833
ICC10,ICC10,ACH-001834
ICC10-6,ICC106,ACH-001835
ICC10-8,ICC108,ACH-001836
ICC11,ICC11,ACH-001837
ICC12,ICC12,ACH-001838
ICC13-7,ICC137,ACH-001839
ICC14,ICC14,ACH-001840
ICC15,ICC15,ACH-001841
ICC2,ICC2,ACH-001842
ICC3,ICC3,ACH-001843
ICC4,ICC4,ACH-001844
ICC5,ICC5,ACH-001845
ICC6,ICC6,ACH-001846
ICC7,ICC7,ACH-001847
ICC8,ICC8,ACH-001848
ICC9,ICC9,ACH-001849
G415,G415,ACH-001850
GBD1,GBD1,ACH-001851
HKGZ-CC,HKGZCC,ACH-001852
KMCH-1,KMCH1,ACH-001853
MMNK-1,MMNK1,ACH-001854
OZ,OZ,ACH-001855
RBE,RBE,ACH-001856
SG231,SG231,ACH-001857
SSP-25,SSP25,ACH-001858
TGBC14TKB,TGBC14TKB,ACH-001860
TGBC1TKB,TGBC1TKB,ACH-001861
TGBC52TKB,TGBC52TKB,ACH-001862
TKKK,TKKK,ACH-001863
YSCCC,YSCCC,ACH-001864
FR-M-101,FRM101,ACH-001865
FR-M-134,FRM134,ACH-001866
MEL-SOE,MELSOE,ACH-001867
FM-92,FM92,ACH-001868
MEL1479,MEL1479,ACH-001869
MA-MEL-19,MAMEL19,ACH-001870
MA-MEL-32,MAMEL32,ACH-001871
WM-1366,WM1366,ACH-001872
MEL-LE,MELLE,ACH-001873
MEL624,MEL624,ACH-001874
WM-139,WM139,ACH-001875
GR-MEL-9,GRMEL9,ACH-001876
FR-M-119,FRM119,ACH-001877
FR-M-204,FRM204,ACH-001878
GR-MEL-8,GRMEL8,ACH-001879
FM-70,FM70,ACH-001880
MA-MEL-6,MAMEL6,ACH-001881
MA-MEL-25,MAMEL25,ACH-001882
UKRV-MEL-30,UKRVMEL30,ACH-001883
UKRV-MEL-13,UKRVMEL13,ACH-001884
MA-MEL-20,MAMEL20,ACH-001885
FR-M-170,FRM170,ACH-001886
MA-MEL-38,MAMEL38,ACH-001887
MA-MEL-7,MAMEL7,ACH-001888
MA-MEL-10,MAMEL10,ACH-001889
GR-MEL-3,GRMEL3,ACH-001890
MZ-MEL-3,MZMEL3,ACH-001891
MA-MEL-21,MAMEL21,ACH-001892
MA-MEL-23,MAMEL23,ACH-001893
MA-MEL-47,MAMEL47,ACH-001894
MA-MEL-56,MAMEL56,ACH-001895
MA-MEL-55,MAMEL55,ACH-001896
KNUD,KNUD,ACH-001897
UKRV-MEL-3,UKRVMEL3,ACH-001898
MA-MEL-51,MAMEL51,ACH-001899
UKRV-MEL-25,UKRVMEL25,ACH-001900
MA-MEL-71,MAMEL71,ACH-001901
UKRV-MEL-17,UKRVMEL17,ACH-001902
MA-MEL-28,MAMEL28,ACH-001903
MA-MEL-15,MAMEL15,ACH-001904
M21,M21,ACH-001905
MZ-MEL-5,MZMEL5,ACH-001906
MZ-MEL-13,MZMEL13,ACH-001907
MEL-1359,MEL1359,ACH-001908
M24,M24,ACH-001909
WM-852,WM852,ACH-001910
WM-75,WM75,ACH-001911
FM-6,FM6,ACH-001912
NW-145,NW145,ACH-001913
FM-28,FM28,ACH-001914
FM-58,FM58,ACH-001915
FM-45,FM45,ACH-001916
FM-72,FM72,ACH-001917
FM-86,FM86,ACH-001918
FM-57,FM57,ACH-001919
FM-78,FM78,ACH-001920
FM-88,FM88,ACH-001921
FM-79,FM79,ACH-001922
FM-74,FM74,ACH-001923
FM-95,FM95,ACH-001924
UKRV-MEL-2,UKRVMEL2,ACH-001925
MEL-WL,MELWL,ACH-001926
FM-81,FM81,ACH-001927
FM-82,FM82,ACH-001928
MA-MEL-30,MAMEL30,ACH-001929
FM-56,FM56,ACH-001930
UKRV-MEL-38,UKRVMEL38,ACH-001931
ME-501,ME501,ACH-001932
ME-15392,ME15392,ACH-001933
MEL-NT9-00,MELNT900,ACH-001935
MA-MEL-33,MAMEL33,ACH-001936
MA-MEL-1,MAMEL1,ACH-001937
MEL-LG,MELLG,ACH-001938
FM-9,FM9,ACH-001939
MEL-NT2-00,MELNT200,ACH-001940
MEL-NT3-00,MELNT300,ACH-001941
WM-1862,WM1862,ACH-001942
OCM-3,OCM3,ACH-001943
MEL-NT1-00,MELNT100,ACH-001944
MEL-NT5-00,MELNT500,ACH-001945
MA-MEL-74,MAMEL74,ACH-001946
MA-MEL-52,MAMEL52,ACH-001947
MA-MEL-4,MAMEL4,ACH-001948
MA-MEL-46,MAMEL46,ACH-001949
MA-MEL-65,MAMEL65,ACH-001950
MA-MEL-40,MAMEL40,ACH-001951
MA-MEL-14,MAMEL14,ACH-001952
MA-MEL-27,MAMEL27,ACH-001953
UKRV-MEL-31,UKRVMEL31,ACH-001954
Jhc-7,JHC7,ACH-001955
Mug-Chor-1,MUGCHOR1,ACH-001956
Um-Chor1,UMCHOR1,ACH-001957
MS1,MS1,ACH-001958
CC-LP-1,CCLP1,ACH-001959
CC-SW-1,CCSW1,ACH-001960
GB2,GB2,ACH-001961
JU77,JU77,ACH-001962
LIM1863,LIM1863,ACH-001963
LIM1899,LIM1899,ACH-001964
LIM2099,LIM2099,ACH-001965
LIM2405,LIM2405,ACH-001966
LIM2537,LIM2537,ACH-001967
LIM2550,LIM2550,ACH-001968
LIM2551,LIM2551,ACH-001969
MM253,MM253,ACH-001970
MM466,MM466,ACH-001971
MM473,MM473,ACH-001972
MM485,MM485,ACH-001973
MM537,MM537,ACH-001974
MM576,MM576,ACH-001975
MM603,MM603,ACH-001976
NO36,NO36,ACH-001977
NZM1,NZM1,ACH-001978
NZM11,NZM11,ACH-001979
NZM12,NZM12,ACH-001980
NZM2,NZM2,ACH-001981
NZM3,NZM3,ACH-001982
NZM30,NZM30,ACH-001983
NZM4,NZM4,ACH-001984
NZM40,NZM40,ACH-001985
NZM42,NZM42,ACH-001986
NZM43,NZM43,ACH-001987
NZM5,NZM5,ACH-001988
NZM6,NZM6,ACH-001989
NZM7,NZM7,ACH-001990
NZOV9,NZOV9,ACH-001991
ONE58,ONE58,ACH-001992
"NALM-16","NALM16",ACH-001993
ICC16,ICC16,ACH-001994
ICC17,ICC17,ACH-001995
ICC18,ICC18,ACH-001996
ECC2,ECC2,ACH-001997
ICC19,ICC19,ACH-001998
950-5-BIK,9505BIK,ACH-001999
A375 SKIN CJ1,A375SKINCJ1,ACH-002001
A375 SKIN CJ2,A375SKINCJ2,ACH-002002
A375 SKIN CJ3,A375SKINCJ3,ACH-002003
UACC62 SKIN CJ1,UACC62SKINCJ1,ACH-002004
SK-MEL-19,SKMEL19,ACH-002005
SKMEL19 SKIN CJ1,SKMEL19SKINCJ1,ACH-002006
SKMEL19 SKIN CJ2,SKMEL19SKINCJ2,ACH-002007
MA-MEL-11,MAMEL11,ACH-002008
MP38,MP38,ACH-002009
MP41,MP41,ACH-002010
MP46,MP46,ACH-002011
MP65,MP65,ACH-002012
MM28,MM28,ACH-002013
Mel270,MEL270,ACH-002014
Mel285,MEL285,ACH-002015
Mel290,MEL290,ACH-002016
Omm1,OMM1,ACH-002017
Omm2.5,OMM25,ACH-002018
HOKUG,HOKUG,ACH-002019
SKG-IIIa,SKGIIIA,ACH-002020
T3M-3,T3M3,ACH-002021
PMF-ko14,PMFKO14,ACH-002022
TGBC18TKB,TGBC18TKB,ACH-002023
ECC4,ECC4,ACH-002024
TT1TKB,TT1TKB,ACH-002025
HHUA,HHUA,ACH-002026
HOUA-I,HOUAI,ACH-002027
H-111-TC,H111TC,ACH-002028
SAS,SAS,ACH-002029
Sa3,SA3,ACH-002030
TUHR3TKB,TUHR3TKB,ACH-002031
TUHR25TKB,TUHR25TKB,ACH-002032
HMMME,HMMME,ACH-002033
T3M-11,T3M11,ACH-002034
LCAM1,LCAM1,ACH-002035
WA-hT,WAHT,ACH-002036
TN-1,TN1,ACH-002037
HSKTC,HSKTC,ACH-002038
PK-8,PK8,ACH-002039
HMV-II,HMVII,ACH-002040
HOTHC,HOTHC,ACH-002041
T3M-5,T3M5,ACH-002042
Ca9-22,CA922,ACH-002043
HSQ-89,HSQ89,ACH-002044
HO-1-u-1,HO1U1,ACH-002045
HTMMT,HTMMT,ACH-002046
HIRS-BM,HIRSBM,ACH-002047
RMS-YM,RMSYM,ACH-002048
HGRT,HGRT,ACH-002049
HTST,HTST,ACH-002050
Lu-134-A,LU134A,ACH-002051
Lu-139,LU139,ACH-002052
Lu-140,LU140,ACH-002053
CCRF-HSB-2,CCRFHSB2,ACH-002054
TL-1,TL1,ACH-002055
ILT-Mat,ILTMAT,ACH-002056
OIH-1,OIH1,ACH-002057
ATN-1,ATN1,ACH-002058
P30/OHK,P30OHK,ACH-002059
MY,MY,ACH-002060
P2UR/K-562,P2URK562,ACH-002061
SLVL,SLVL,ACH-002062
HD-Mar2,HDMAR2,ACH-002063
HTMM,HTMM,ACH-002064
HS-PSS,HSPSS,ACH-002065
HS-Sch-2,HSSCH2,ACH-002066
NOS-1,NOS1,ACH-002067
NOS-2,NOS2,ACH-002068
HS-Os-1,HSOS1,ACH-002069
HKBMM,HKBMM,ACH-002070
FU-RPNT-1,FURPNT1,ACH-002071
FU-RPNT-2,FURPNT2,ACH-002072
Lu-24,LU24,ACH-002073
Lu-143,LU143,ACH-002074
Lu-138,LU138,ACH-002075
T3M-12,T3M12,ACH-002076
Lu-165,LU165,ACH-002077
Lu-141,LU141,ACH-002078
HSNB,HSNB,ACH-002079
TN-2,TN2,ACH-002080
KP-N-NS,KPNNS,ACH-002081
NB16,NB16,ACH-002082
NB69,NB69,ACH-002083
MMAc,MMAC,ACH-002084
HS-SY-II,HSSYII,ACH-002085
TGBC50TKB,TGBC50TKB,ACH-002086
LA-N-5,LAN5,ACH-002087
A129L,A129L,ACH-002088
201T,201T,ACH-002089
BB65-RCC,BB65RCC,ACH-002090
CAL-39,CAL39,ACH-002091
CHSA0011,CHSA0011,ACH-002092
CHSA0108,CHSA0108,ACH-002093
CHSA8926,CHSA8926,ACH-002094
COR-L303,CORL303,ACH-002095
CP50-MEL-B,CP50MELB,ACH-002096
CP66-MEL,CP66MEL,ACH-002097
CP67-MEL,CP67MEL,ACH-002098
CS1,CS1,ACH-002099
DJM-1,DJM1,ACH-002100
EMC-BAC-1,EMCBAC1,ACH-002101
EMC-BAC-2,EMCBAC2,ACH-002102
ES1,ES1,ACH-002103
ES3,ES3,ACH-002104
ES4,ES4,ACH-002105
ES5,ES5,ACH-002106
ES6,ES6,ACH-002107
ES7,ES7,ACH-002108
ES8,ES8,ACH-002109
EW-1,EW1,ACH-002110
EW-11,EW11,ACH-002111
EW-12,EW12,ACH-002112
EW-13,EW13,ACH-002113
EW-16,EW16,ACH-002114
EW-18,EW18,ACH-002115
EW-22,EW22,ACH-002116
EW-24,EW24,ACH-002117
EW-3,EW3,ACH-002118
EW-7,EW7,ACH-002119
GAK,GAK,ACH-002120
G-MEL,GMEL,ACH-002121
GT3TKB,GT3TKB,ACH-002122
H2369,H2369,ACH-002123
H2373,H2373,ACH-002124
H2461,H2461,ACH-002125
H2591,H2591,ACH-002126
H2595,H2595,ACH-002127
H2722,H2722,ACH-002128
H2731,H2731,ACH-002129
H2795,H2795,ACH-002130
H2803,H2803,ACH-002131
H2804,H2804,ACH-002132
H2810,H2810,ACH-002133
H2818,H2818,ACH-002134
H2869,H2869,ACH-002135
H290,H290,ACH-002136
H3255,MERGEDTOACH000109H3255,ACH-002137
H513,H513,ACH-002138
HA7-RCC,HA7RCC,ACH-002139
Hey,HEY,ACH-002140
HSC-39,HSC39,ACH-002141
HuO-3N1,HUO3N1,ACH-002142
IST-MEL1,ISTMEL1,ACH-002143
IST-SL1,ISTSL1,ACH-002144
IST-SL2,ISTSL2,ACH-002145
JHOS-3,JHOS3,ACH-002146
K2,K2,ACH-002147
K5,K5,ACH-002148
KGN,KGN,ACH-002149
LB1047-RCC,LB1047RCC,ACH-002150
LB2241-RCC,LB2241RCC,ACH-002151
LB2518-MEL,LB2518MEL,ACH-002152
LB373-MEL-D,LB373MELD,ACH-002153
LB647-SCLC,LB647SCLC,ACH-002154
LB996-RCC,LB996RCC,ACH-002155
LC-1-sq,LC1SQ,ACH-002156
LC-2-ad,LC2AD,ACH-002157
LU-99A,LU99A,ACH-002158
MC-IXC,MCIXC,ACH-002160
MKN28,MKN28,ACH-002161
MMAC-SF,MMACSF,ACH-002162
MRK-nu-1,MRKNU1,ACH-002163
MZ1-PC,MZ1PC,ACH-002164
MZ2-MEL,MZ2MEL,ACH-002165
MZ7-mel,MZ7MEL,ACH-002166
NCC010,NCC010,ACH-002167
NCC021,NCC021,ACH-002168
NCI-H1304,NCIH1304,ACH-002169
NCI-H1688,NCIH1688,ACH-002170
NCI-H250,NCIH250,ACH-002171
NCI-H378,NCIH378,ACH-002173
NCI-H720,NCIH720,ACH-002174
NCI-H740,NCIH740,ACH-002175
NCI-H748,NCIH748,ACH-002176
NCI-H835,NCIH835,ACH-002177
NY,NY,ACH-002178
OCUB-M,OCUBM,ACH-002179
OMC-1,OMC1,ACH-002180
OVCA420,OVCA420,ACH-002181
OVCA433,OVCA433,ACH-002182
OVMIU,OVMIU,ACH-002183
PC-3_[JPC-3],PC3JPC3,ACH-002184
PL18,PL18,ACH-002185
PL4,PL4,ACH-002186
RCC-AB,RCCAB,ACH-002187
RCC-ER,RCCER,ACH-002188
RCC-FG2,RCCFG2,ACH-002189
RCC-JF,RCCJF,ACH-002190
RCC-JW,RCCJW,ACH-002191
RCC-MF,RCCMF,ACH-002192
RERF-LC-FM,RERFLCFM,ACH-002193
RH-1,RH1,ACH-002194
RXF393,RXF393,ACH-002195
SBC-1,SBC1,ACH-002196
SBC-3,SBC3,ACH-002197
SCH,SCH,ACH-002198
SW962,SW962,ACH-002200
TC-YIK,TCYIK,ACH-002201
TMK-1,TMK1,ACH-002202
U031,U031,ACH-002203
U-CH2,UCH2,ACH-002204
WM1552C,WM1552C,ACH-002205
WM278,WM278,ACH-002206
WM35,WM35,ACH-002207
YMB-1-E,YMB1E,ACH-002208
ALL-PO,ALLPO,ACH-002209
ARH-77,ARH77,ACH-002210
BALL-1,BALL1,ACH-002211
BB30-HNC,BB30HNC,ACH-002212
BB49-HNC,BB49HNC,ACH-002213
BC-1,BC1,ACH-002214
BC-3,BC3,ACH-002215
BE-13,BE13,ACH-002216
BE2-M17,BE2M17,ACH-002217
CESS,CESS,ACH-002218
COLO-320-HSR,COLO320HSR,ACH-002219
CRO-AP2,CROAP2,ACH-002220
CTB-1,CTB1,ACH-002221
CTV-1,CTV1,ACH-002222
D-245MG,D245MG,ACH-002223
D-247MG,D247MG,ACH-002224
D-263MG,D263MG,ACH-002225
D-336MG,D336MG,ACH-002226
D-392MG,D392MG,ACH-002227
D-423MG,D423MG,ACH-002228
D-502MG,D502MG,ACH-002229
D-542MG,D542MG,ACH-002230
D-566MG,D566MG,ACH-002231
DG-75,DG75,ACH-002232
DIFI,DIFI,ACH-002233
DOK,DOK,ACH-002234
DSH1,DSH1,ACH-002235
EB-3,EB3,ACH-002236
ETK-1,ETK1,ACH-002237
GR-ST,GRST,ACH-002238
H3118,H3118,ACH-002239
H9,H9,ACH-002240
HAL-01,HAL01,ACH-002241
HC-1,HC1,ACH-002242
HCE-4,HCE4,ACH-002243
HO-1-N-1,HO1N1,ACH-002244
Hs-445,HS445,ACH-002245
Hs-633T,HS633T,ACH-002246
IM-9,IM9,ACH-002247
IMR-5,IMR5,ACH-002248
JHU-011,JHU011,ACH-002249
JHU-022,JHU022,ACH-002250
JHU-029,JHU029,ACH-002251
JiyoyeP-2003,JIYOYEP2003,ACH-002252
JSC-1,JSC1,ACH-002253
KARPAS-1106P,KARPAS1106P,ACH-002254
KARPAS-231,KARPAS231,ACH-002255
KARPAS-45,KARPAS45,ACH-002256
KINGS-1,KINGS1,ACH-002257
KMOE-2,KMOE2,ACH-002258
KNS-81-FD,KNS81FD,ACH-002259
NA,NA,ACH-002260
KP-N-YS,KPNYS,ACH-002261
KY821,KY821,ACH-002262
KYSE-220,KYSE220,ACH-002263
KYSE-50,KYSE50,ACH-002264
LB771-HNC,LB771HNC,ACH-002265
LB831-BLC,LB831BLC,ACH-002266
LC4-1,LC41,ACH-002267
LN-405,LN405,ACH-002268
LNZTA3WT4,LNZTA3WT4,ACH-002269
MC-CAR,MCCAR,ACH-002270
MFH-ino,MFHINO,ACH-002271
MHH-PREB-1,MHHPREB1,ACH-002272
ML-2,ML2,ACH-002273
MLMA,MLMA,ACH-002274
MN-60,MN60,ACH-002275
MY-M12,MYM12,ACH-002276
NB(TU)1-10,NBTU110,ACH-002277
NB10,NB10,ACH-002278
NB12,NB12,ACH-002279
NB13,NB13,ACH-002280
NB14,NB14,ACH-002281
NB17,NB17,ACH-002282
NB5,NB5,ACH-002283
NB6,NB6,ACH-002284
NB7,NB7,ACH-002285
NCI-H128,NCIH128,ACH-002286
NCI-H630,NCIH630,ACH-002287
NEC8,NEC8,ACH-002288
NK-92MI,NK92MI,ACH-002289
NKM-1,NKM1,ACH-002290
NTERA-2 cl.D1,NTERA2CLD1,ACH-002291
OACp4C,OACP4C,ACH-002292
P32-ISH,P32ISH,ACH-002293
PCI-15A,PCI15A,ACH-002294
PCI-30,PCI30,ACH-002295
PCI-38,PCI38,ACH-002296
PCI-4B,PCI4B,ACH-002297
PCI-6A,PCI6A,ACH-002298
QIMR-WIL,QIMRWIL,ACH-002299
Ramos-2G6-4C10,RAMOS2G64C10,ACH-002300
RF-48,RF48,ACH-002301
RPMI-8866,RPMI8866,ACH-002302
SC-1,SCI1,ACH-002303
SK-MG-1,SKMG1,ACH-002304
SKN-3,SKN3,ACH-002305
STS-0421,STS0421,ACH-002306
SU-DHL-16,SUDHL16,ACH-002307
SUP-B8,SUPB8,ACH-002308
SW684,SW684,ACH-002309
SW872,SW872,ACH-002310
TE-12,TE12,ACH-002311
TGBC24TKB,TGBC24TKB,ACH-002312
TK,TK,ACH-002313
TUR,TUR,ACH-002314
SCC90,SCC90,ACH-002315
WIL2-NS,WIL2NS,ACH-002316
YT,YT,ACH-002317
Omm2.3,OMM23,ACH-002318
184A1,184A1,ACH-002319
600MPE,600MPE,ACH-002320
HBL100,HBL100,ACH-002321
HCC2185,HCC2185,ACH-002322
HCC2688,HCC2688,ACH-002323
HCC3153,HCC3153,ACH-002324
LY2,LY2,ACH-002325
MACLS2,MACLS2,ACH-002326
MCF12A,MCF12A,ACH-002327
MX1,MX1,ACH-002328
SKBR5,SKBR5,ACH-002329
SKBR7,SKBR7,ACH-002330
ZR75B,ZR75B,ACH-002331
GISTT1,GISTT1,ACH-002332
HCC827GR,HCC827GR,ACH-002333
SS1A,SS1A,ACH-002334
UCH1,UCH1,ACH-002335
HCET,HCET,ACH-002336
JHU028,JHU028,ACH-002337
M980513,M980513,ACH-002338
MOT,MOT,ACH-002339
NBSUSSR,NBSUSSR,ACH-002340
NCIH513,NCIH513,ACH-002341
BB30PBL,BB30PBL,ACH-002342
BB49EBV,BB49EBV,ACH-002343
BB65EBV,BB65EBV,ACH-002344
CaR-1,CAR1,ACH-002345
CP50EBV,CP50EBV,ACH-002346
CP66EBV,CP66EBV,ACH-002347
DIPG007,DIPG007,ACH-002348
GBM001,GBM001,ACH-002349
HA7EBV,HA7EBV,ACH-002350
L542,L542,ACH-002351
LB1047EBV,LB1047EBV,ACH-002352
LB2241EBV,LB2241EBV,ACH-002353
LB2518EBV,LB2518EBV,ACH-002354
LB373EBV,LB373EBV,ACH-002355
LB647PBL,LB647PBL,ACH-002356
LB771PBL,LB771PBL,ACH-002357
LB831EBV,LB831EBV,ACH-002358
LB996EBV,LB996EBV,ACH-002359
MZ1B,MZ1B,ACH-002360
MZ7B,MZ7B,ACH-002361
NCIBL128,NCIBL128,ACH-002362
NCIBL1395,NCIBL1395,ACH-002363
NCIBL1437,NCIBL1437,ACH-002364
NCIBL1770,NCIBL1770,ACH-002365
NCIBL2009,NCIBL2009,ACH-002366
NCIBL2052,NCIBL2052,ACH-002367
NCIBL2087,NCIBL2087,ACH-002368
NCIBL209,NCIBL209,ACH-002369
NCIBL2122,NCIBL2122,ACH-002370
NCIBL2126,NCIBL2126,ACH-002371
NCIBL2171,NCIBL2171,ACH-002372
HCC1187BL,HCC1187BL,ACH-002373
HCC1599BL,HCC1599BL,ACH-002374
HCC1937BL,HCC1937BL,ACH-002375
LS1034-PBL,LS1034PBL,ACH-002376
HCC38BL,HCC38BL,ACH-002377
HCC1143BL,HCC1143BL,ACH-002378
J82EBV,J82EBV,ACH-002379
COLO829BL,COLO829BL,ACH-002380
HCC2157BL,HCC2157BL,ACH-002381
HCC1395BL,HCC1395BL,ACH-002382
HCC2218BL,HCC2218BL,ACH-002383
HCC1954BL,HCC1954BL,ACH-002384
Hs 926.T,HS926T,ACH-002385
M00921,M00921,ACH-002386
M1203273,M1203273,ACH-002387
MET2B,MET2B,ACH-002388
ACN,ACN,ACH-002389
MC-1010,MC1010,ACH-002390
UD-SCC-2,UDSCC2,ACH-002391
SC-1,SC1,ACH-002392
CRO-AP3,CROAP3,ACH-002393
GEO,GEO,ACH-002394
HuH-6 Clone 5,HUH6CLONE5,ACH-002395
Sarc9371,SARC9371,ACH-002396
KMH-2,KMHDASH2,ACH-002397
21PT,21PT,ACH-002398
21NT,21NT,ACH-002399
21MT1,21MT1,ACH-002400
21MT2,21MT2,ACH-002401
H16N2,H16N2,ACH-002402
CCLF_MELM_0001_T,CCLFMELM0001T,ACH-002403
CCLF_MELM_0002_T,CCLFMELM0002T,ACH-002404
CCLF_MELM_0003_T,CCLFMELM0003T,ACH-002405
CCLF_MELM_0005_T,CCLFMELM0005T,ACH-002407
CCLF_NEURO_0003_T,CCLFNEURO0003T,ACH-002408
CCLF_NEURO_0006_T,CCLFNEURO0006T,ACH-002409
CCLF_NEURO_0007_T,CCLFNEURO0007T,ACH-002410
CCLF_NEURO_0008_T,CCLFNEURO0008T,ACH-002411
CCLF_NEURO_0009_T,CCLFNEURO0009T,ACH-002412
CCLF_NEURO_0010_T,CCLFNEURO0010T,ACH-002413
CCLF_NEURO_0011_T,CCLFNEURO0011T,ACH-002414
CCLF_NEURO_0013_T,CCLFNEURO0013T,ACH-002415
CCLF_NEURO_0014_T,CCLFNEURO0014T,ACH-002416
CCLF_NEURO_0015_T,CCLFNEURO0015T,ACH-002417
CCLF_NEURO_0017_T,CCLFNEURO0017T,ACH-002418
CCLF_OVPA_0001_T,CCLFOVPA0001T,ACH-002419
CCLF_PANC_0005_T,CCLFPANC0005T,ACH-002420
CCLF_PANC_0006_T,CCLFPANC0006T,ACH-002421
CCLF_PANC_0008_T,CCLFPANC0008T,ACH-002422
CCLF_PANC_0010_T,CCLFPANC0010T,ACH-002423
CCLF_PANC_0014_T,CCLFPANC0014T,ACH-002424
CCLF_PANC_0020_T,CCLFPANC0020T,ACH-002425
CCLF_PANC_0022_T,CCLFPANC0022T,ACH-002426
Peds005T Susp,MERGEDTOACH001163CCLFPEDS0001T,ACH-002427
CCLF_PEDS_0003_T,MERGEDTOACH001164CCLFPEDS0003T,ACH-002428
CCLF_PEDS_0009_T,MERGEDTOACH001429CCLFPEDS0009T,ACH-002429
CCLF_PEDS_0010_T,MERGEDTOACH001428CCLFPEDS0010T,ACH-002430
CCLF_PEDS_0014_T1,CCLFPEDS0014T1,ACH-002431
CCLF_PEDS_0017_T2,CCLFPEDS0017T2,ACH-002432
CCLF_PEDS_0019_T,CCLFPEDS0019T,ACH-002433
CCLF_PEDS_0021_T,CCLFPEDS0021T,ACH-002434
CCLF_PEDS_0022_T,CCLFPEDS0022T,ACH-002435
CCLF_PEDS_0023_T,CCLFPEDS0023T,ACH-002436
CCLF_PEDS_0026_T,CCLFPEDS0026T,ACH-002438
CCLF_THYR_0008_T,CCLFTHYR0008T,ACH-002440
CCLF_THYR_0010_T,CCLFTHYR0010T,ACH-002441
CCLF_UPGI_0002_T1,CCLFUPGI0002T1,ACH-002442
CCLF_UPGI_0002_T2,CCLFUPGI0002T2,ACH-002443
CCLF_UPGI_0003_T,CCLFUPGI0003T,ACH-002444
CCLF_UPGI_0004_T,CCLFUPGI0004T,ACH-002445
CCLF_UPGI_0005_T,CCLFUPGI0005T,ACH-002446
CCLF_UPGI_0006_T,CCLFUPGI0006T,ACH-002447
CCLF_PANC_0021_T,CCLFPANC0021T,ACH-002448
CCLF_NEURO_0021_T,CCLFNEURO0021T,ACH-002449
CCLF_NEURO_0023_T,CCLFNEURO0023T,ACH-002450
CCLF_NEURO_0026_T,CCLFNEURO0026T,ACH-002451
CCLF_NEURO_0027_T,CCLFNEURO0027T,ACH-002452
CCLF_NEURO_0031_T,CCLFNEURO0031T,ACH-002453
CCLF_NEURO_0032_T,CCLFNEURO0032T,ACH-002454
CCLF_NEURO_0034_T,CCLFNEURO0034T,ACH-002455
CCLF_NEURO_0035_T,CCLFNEURO0035T,ACH-002456
CCLF_NEURO_0037_T,CCLFNEURO0037T,ACH-002457
HT144 SKIN FV1,HT144SKINFV1,ACH-002458
HT144 SKIN FV3,HT144SKINFV3,ACH-002459
HT144 SKIN FV2,HT144SKINFV2,ACH-002460
RVH421 SKIN FV1,RVH421SKINFV1,ACH-002461
RPE1-ss48,RPE1SS48,ACH-002462
RPE1-ss77,RPE1SS77,ACH-002463
RPE1-ss6,RPE1SS6,ACH-002464
RPE1-ss119,RPE1SS119,ACH-002465
RPE1-ss111,RPE1SS111,ACH-002466
RPE1-ss51,RPE1SS51,ACH-002467
PSS154,PSS154,ACH-002468
PSS004,PSS004,ACH-002469
PSS089,PSS089,ACH-002470
PSS008,PSS008,ACH-002471
PSS031,PSS031,ACH-002472
HAP1,HAP1,ACH-002475
HAP1MLH1KO,HAP1MLH1KO,ACH-002476
BC-2,BC2,ACH-002478
CHLA-03-AA,CHLA03AA,ACH-002480
E006AA-hT,E006AAHT,ACH-002481
Hs 602,HS602,ACH-002483
Hs 769.T,HS769T,ACH-002484
MAVER-1,MAVER1,ACH-002485
MES-OV,MESOV,ACH-002486
MM.1R,MM1R,ACH-002487
MUG-CC1,MUGCC1,ACH-002488
NCI-H1882,NCIH1882,ACH-002490
NCI-H676B,NCIH676B,ACH-002491
U-CH11,UCH11,ACH-002494
IOWA-1T,IOWA1T,ACH-002495
NCI-H498,NCIH498,ACH-002496
NCI-H920,NCIH920,ACH-002497
SU-DHL-2,SUDHL2,ACH-002498
UACC-3199,UACC3199,ACH-002499
Z-138,Z138,ACH-002500
RMZ,RMZ,ACH-002501
CCA,CCA,ACH-002502
Hs 257.T,HS257T,ACH-002503
U-CH17S,UCH17S,ACH-002504
U-CH7,UCH7,ACH-002505
CCLF_NEURO_0039_T,CCLFNEURO0039T,ACH-002506
CCLF_NEURO_0040_T,CCLFNEURO0040T,ACH-002507
WM3211,WM3211,ACH-002508
WM4235,WM4235,ACH-002509
M040416,M040416,ACH-002510
M140325,M140325,ACH-002511
MM160113,MM160113,ACH-002512
C079,C079,ACH-002513
D10,D10,ACH-002514
402-91,40291,ACH-002515
1765-92,176592,ACH-002516
A2780ADR,A2780ADR,ACH-002517
A2780cis,A2780CIS,ACH-002518
NA,HT29V10,ACH-002519
NA,HT29V11,ACH-002520
hTERTRPE1,HTERTRPE1,ACH-002521
SNU-2292,SNU2292,ACH-002522
SNU-739,SNU739,ACH-002523
SNU-251,SNU251,ACH-002524
SNU-333,SNU333,ACH-002525
SNU-1327,SNU1327,ACH-002526
SNU-1684,SNU1684,ACH-002527
SNU-267,SNU267,ACH-002528
SNU-1330,SNU1330,ACH-002529
SNU-977,SNU977,ACH-002530
SNU-2535,SNU2535,ACH-002531
SNU-1411,SNU1411,ACH-002532
SNU-482,SNU482,ACH-002533
SNU-228,SNU228,ACH-002534
SNU-254,SNU254,ACH-002535
SNU-484,SNU484,ACH-002536
SNU-769B,SNU769B,ACH-002537
SNU-1235,SNU1235,ACH-002538
SNU-1460,SNU1460,ACH-002539
SNU-1746,SNU1746,ACH-002540
SNU-1967,SNU1967,ACH-002541
SNU-1181,SNU1181,ACH-002542
SNU-1406,SNU1406,ACH-002543
SNU-1750,SNU1750,ACH-002544
ML-1 [Human leukemia],ML1HUMANLEUKEMIA,ACH-002545
2B8,2B8,ACH-002546
COLO-206F,COLO206F,ACH-002547
MMAc,MERGEDTOACH002084MMACSKIN,ACH-002548
UE6E7T-3,UE6E7T3,ACH-002549
EM-3,EM3,ACH-002550
MOLT-14,MOLT14,ACH-002551
BE2-C,BE2C,ACH-002552
HeLaSF,HeLaSF,ACH-002553
HEp-2,HEp2,ACH-002554
LS-174T,LS174T,ACH-002555
RKO-E6,RKOE6,ACH-002556
WIDR,WIDR,ACH-002557
COLO-200,COLO200,ACH-002558
HP,HP,ACH-002559
HX,HX,ACH-002560
SNG-P,SNGP,ACH-002561
TGBC2TKB,TGBC2TKB,ACH-002562
NCOL-1,NCOL1,ACH-002563
KP-3L,KP3L,ACH-002564
KP-3N,KP3N,ACH-002565
LU-134-B,LU134B,ACH-002566
KP-N-S19s,KPNS19s,ACH-002567
NC-37,NC37,ACH-002568
B2-17,B217,ACH-002569
OVSAYO,OVSAYO,ACH-002570
ML-3,ML3,ACH-002571
GA-10 (Clone 20),GA10Clone20,ACH-002572
GA-10-Clone-4,GA10Clone4,ACH-002573
JURL-MK2,JURLMK2,ACH-002574
LAMA-87,LAMA87,ACH-002575
COLO-197,COLO197,ACH-002576
MC-CAR-Z2,MCCARZ2,ACH-002577
NK-92,NK92,ACH-002578
MM1,MM1,ACH-002579
A3,A3,ACH-002580
I-2-1,I21,ACH-002581
I-9-2,I92,ACH-002582
JKT-beta-del,JKTbetadel,ACH-002583
J-RT3-T3-5,JRT3T35,ACH-002584
Jurkat-Clone-E61,JurkatCloneE61,ACH-002585
MOLT-17,MOLT17,ACH-002586
EFM-192B,EFM192B,ACH-002587
EFM-192C,EFM192C,ACH-002588
COR-L23-R,CORL23R,ACH-002589
RERF-LC-MA,RERFLCMA,ACH-002590
RWPE-1,RWPE1,ACH-002591
RWPE-2,RWPE2,ACH-002592
RWPE2-W99,RWPE2W99,ACH-002593
Malme-3,MALME3,ACH-002594
EW-2,EW2,ACH-002595
Marcus,Marcus,ACH-002596
RERF-LC-OK,RERFLCOK,ACH-002597
COLO-685,COLO685,ACH-002598
HCE-7,HCE7,ACH-002599
TE-13,TE13,ACH-002600
TE-2,TE2,ACH-002601
TE-3,TE3,ACH-002602
TE-7,TE7,ACH-002603
RF-1,RF1,ACH-002604
ST,ST,ACH-002605
TDL-4,TDL4,ACH-002606
MUTZ-1,MUTZ1,ACH-002607
"NAMALWA-PNT","NAMALWAPNT",ACH-002608
HCC1428-BL,HCC1428BL,ACH-002609
NCI-BL2141,NCIBL2141,ACH-002610
NCI-BL2347,NCIBL2347,ACH-002611
WIL2-S,WIL2S,ACH-002612
AGR-ON,AGRON,ACH-002613
CEMC1,CEMC1,ACH-002614
CEMC2,CEMC2,ACH-002615
SACC-83,SACC83,ACH-002616
COLO-699N,COLO699N,ACH-002617
NCI-H125,NCIH125,ACH-002618
NCI-H1870,NCIH1870,ACH-002619
NCI-H1881,NCIH1881,ACH-002620
SBC-2,SBC2,ACH-002621
Hey-C2,HeyC2,ACH-002622
IOSE-364(-),IOSE364,ACH-002623
IOSE-397,IOSE397,ACH-002624
IOSE-523(-),IOSE523,ACH-002625
IOSE-75-16SV40,IOSE7516SV40,ACH-002626
NCI-ADR-RES,NCIADRRES,ACH-002627
Hs-630-T,Hs630T,ACH-002628
WM-164,WM164,ACH-002629
RPMI-7932,RPMI7932,ACH-002630
WM-165-1,WM1651,ACH-002631
WM-293A,WM293A,ACH-002632
1205Lu,1205Lu,ACH-002633
M120326_2,M1203262,ACH-002634
PEAZ-1,PEAZ1,ACH-002636
COLO-738,COLO738,ACH-002637
TMH-1,TMH1,ACH-002638
Ishikawa,Ishikawa,ACH-002639
MES-SADx-5,MESSADx5,ACH-002640
MES-SA-MX2,MESSAMX2,ACH-002641
CARNAVAL,CARNAVAL,ACH-002642
GRANTA-452,GRANTA452,ACH-002643
MEGAL,MEGAL,ACH-002644
MHH-TALL-2,MHHTALL2,ACH-002645
17.94,1794,ACH-002646
CCC-5,CCC5,ACH-002647
CX-03,CX03,ACH-002648
ELF-153,ELF153,ACH-002649
ETCC-016,ETCC016,ACH-002650
FKH-1,FKH1,ACH-002651
GF-D8,GFD8,ACH-002652
JIH-5,JIH5,ACH-002653
JVE-015,JVE015,ACH-002654
JVE-017,JVE017,ACH-002655
JVE-059,JVE059,ACH-002656
JVE-109,JVE109,ACH-002657
JVE-114,JVE114,ACH-002658
JVE-127,JVE127,ACH-002659
JVE-187,JVE187,ACH-002660
JVE-192,JVE192,ACH-002661
JVE-207,JVE207,ACH-002662
JVE-222,JVE222,ACH-002663
JVE-253,JVE253,ACH-002664
JVE-367,JVE367,ACH-002665
JVE-371,JVE371,ACH-002666
JVE-528,JVE528,ACH-002667
KASUMI-3,KASUMI3,ACH-002668
KP-363T,KP363T,ACH-002669
LAN-1,LAN1,ACH-002670
LAZ-221,LAZ221,ACH-002671
MAPAC-HS-77,MAPACHS77,ACH-002672
MCC-60,MCC60,ACH-002673
MKPL-1,MKPL1,ACH-002674
SH-2,SH2,ACH-002675
TK-6,TK6,ACH-002676
U-2946,U2946,ACH-002677
WILL-1,WILL1,ACH-002678
WILL-2,WILL2,ACH-002679
170-MG-BA,170MGBA,ACH-002680
538-MG-BA,538MGBA,ACH-002681
BLN-3,BLN3,ACH-002682
WM3772F,WM3772F,ACH-002687
PSS141,PSS141,ACH-002688
PSS050,PSS050,ACH-002689
PSS112,PSS112,ACH-002690
ST88-14,ST8814,ACH-002691
90-8TL,908TL,ACH-002692
S462,S462,ACH-002693
sNF96.2,SNF962,ACH-002694
STS26T,STS26T,ACH-002695
CCLF_NEURO_0029_T,CCLFNEURO0029T,ACH-002696
CCLF_NEURO_0045_T,CCLFNEURO0045T,ACH-002697
CCLF_NEURO_0038_T,CCLFNEURO0038T,ACH-002698
CCLF_NEURO_0025_T,CCLFNEURO0025T,ACH-002699
CCLF_NEURO_0047_T,CCLFNEURO0047T,ACH-002700
CCLF_NEURO_0024_T,CCLFNEURO0024T,ACH-002701
CCLF_NEURO_0033_T,CCLFNEURO0033T,ACH-002702
OANC1,OANC1,ACH-002703
TB471,TB471,ACH-002704
IS076P,IS076P,ACH-002705
IS076A,IS076A,ACH-002706
IMS-M2,IMSM2,ACH-002707
DL-221,DL221,ACH-002708
CMS,CMS,ACH-002709
MPNST-724,MPNST724,ACH-002710
UM-HACC-2A,UMHACC2A,ACH-002711
HaCaT,HACAT,ACH-002712
CCLF_NEURO0054_T,CCLFNEURO0054T,ACH-002713
CCLF_NEURO0055_T,CCLFNEURO0055T,ACH-002714
CCLF_NEURO_0056_T,CCLFNEURO0056T,ACH-002715
MO-91,MO91,ACH-002716
OSU-Des76,OSUDES76,ACH-002717
OSU-Des91,OSUDES91,ACH-002718
OSU-Des168,OSUDES168,ACH-002719
OSU-Des236,OSUDES236,ACH-002720
OSU-Des13,OSUDES13,ACH-002721
OSU-Des23,OSUDES23,ACH-002722
OSU-Des157,OSUDES157,ACH-002723
OSU-Des186,OSUDES186,ACH-002724
OSU-Des9,OSUDES9,ACH-002725
OSU-Des93,OSUDES93,ACH-002726
NH15T,NH15T,ACH-002727
NH48T,NH48T,ACH-002728
NH64T,NH64T,ACH-002729
CCLF_UPGI_0009_T,CCLFUPGI0009T,ACH-002730
CCLF_UPGI_0032_T,CCLFUPGI0032T,ACH-002731
CCLF_AB1049T_ASC,CCLFAB1049TASC,ACH-002732
CCLF_UPGI_0040_T,CCLFUPGI0040T,ACH-002733
CCLF_CRCRF1001T,CCLFCRCRF1001T,ACH-002734
CCLF_UPGI_0051_T,CCLFUPGI0051T,ACH-002735
CCLF_UPGI_0052_T,CCLFUPGI0052T,ACH-002736
CCLF_UPGI_0058_T,CCLFUPGI0058T,ACH-002737
PANFR0420,PANFR0420,ACH-002738
PANFR0350,PANFR0350,ACH-002739
PANFR0465,PANFR0465,ACH-002740
PANFR0388,PANFR0388,ACH-002741
PANFR0233,PANFR0233,ACH-002742
PANFR0368,PANFR0368,ACH-002743
PANFR0402,PANFR0402,ACH-002744
PANFR0069,PANFR0069,ACH-002745
CCLF_UPGI_0050_T,CCLFUPGI0050T,ACH-002746
CCLF_UPGI_0064_T,CCLFUPGI0064T,ACH-002747
CCLF_UPGI_0065_T,CCLFUPGI0065T,ACH-002748
CCLF_NEURO_0075_T,CCLFNEURO0075T,ACH-002749
CCLF_LUPA_0003_T,CCLFLUPA0003T,ACH-002750
CCLF_UPGI_0066_T,CCLFUPGI0066T,ACH-002751
CCLF_NEURO_0085_T,CCLFNEURO0085T,ACH-002752
CCLF_UPGI_0067_T,CCLFUPGI0067T,ACH-002753
CCLF_NEURO_0076_T,CCLFNEURO0076T,ACH-002754
CCLF_MELM_0014_T,CCLFMELM0014T,ACH-002755
CCLF_NEURO_0077_T,CCLFNEURO0077T,ACH-002756
CCLF_UPGI_0068_T,CCLFUPGI0068T,ACH-002757
CCLF_UPGI_0069_T,CCLFUPGI0069T,ACH-002758
CCLF_PANC_0072_T,CCLFPANC0072T,ACH-002759
CCLF_UPGI_0070_T,CCLFUPGI0070T,ACH-002760
CCLF_UPGI_0071_T,CCLFUPGI0071T,ACH-002761
CCLF_UPGI_0062_T,CCLFUPGI0062T,ACH-002762
CCLF_UPGI_0072_T,CCLFUPGI0072T,ACH-002763
CCLF_NEURO_0078_T,CCLFNEURO0078T,ACH-002764
CCLF_NEURO_0079_T,CCLFNEURO0079T,ACH-002765
CCLF_NEURO_0080_T,CCLFNEURO0080T,ACH-002766
CCLF_NEURO_0081_T,CCLFNEURO0081T,ACH-002767
CCLF_RARE_0009_T,CCLFRARE0009T,ACH-002768
CCLF_NEURO_0084_T,CCLFNEURO0084T,ACH-002769
CCLF_MELM_0015_T,CCLFMELM0015T,ACH-002770
CCLF_MELM_0016_T,CCLFMELM0016T,ACH-002771
CCLF_MELM_0017_T,CCLFMELM0017T,ACH-002772
CCLF_MELM_0018_T,CCLFMELM0018T,ACH-002773
CCLF_NEURO_0082_T,CCLFNEURO0082T,ACH-002774
CCLF_NEURO_0083_T,CCLFNEURO0083T,ACH-002775
CCLF_UPGI_0060_T,CCLFUPGI0060T,ACH-002776
CCLF_UPGI_0061_T,CCLFUPGI0061T,ACH-002777
NCC-OS1-X2-C1,NCCOS1X2C1,ACH-002778
NCC-OS2-C1,NCCOS2C1,ACH-002779
NCC-ES1-C1,NCCES1C1,ACH-002780
NCC-dCS1-C1,NCCDCS1C1,ACH-002781
NCC-UPS1-C1,NCCUPS1C1,ACH-002782
NCC-UPS1-X3-C1,NCCUPS1X3C1,ACH-002783
NCC-UPS2-C1,NCCUPS2C1,ACH-002784
NCC-LMS1-C1,NCCLMS1C1,ACH-002785
NCC-LMS1-X3-C1,NCCLMS1X3C1,ACH-002786
NCC-pRMS1-C1,NCCPRMS1C1,ACH-002787
NCC-pRMS1-X4-C1,NCCPRMS1X4C1,ACH-002788
NCC-SS1-C1,NCCSS1C1,ACH-002789
NCC-SS2-C1,NCCSS2C1,ACH-002790
NCC-CCS1B-X2-C1,NCCCCS1BX2C1,ACH-002791
NCC-CCS1B-C1,NCCCCS1BC1,ACH-002792
NCC-CCS1-X4-C1,NCCCCS1X4C1,ACH-002793
NCC-MFS1-C1,NCCMFS1C1,ACH-002794
NCC-CDS1-X1-C1,NCCCDS1X1C1,ACH-002795
NCC-CDS1-X3-C1,NCCCDS1X3C1,ACH-002796
NCC-DFSP1-C1,NCCDFSP1C1,ACH-002797
NCC-DFSP2-C1,NCCDFSP2C1,ACH-002798
NCC-MPNST1-C1,NCCMPNST1C1,ACH-002799
NCC-MPNST2-C1,NCCMPNST2C1,ACH-002800
NCC-MPNST3-C1,NCCMPNST3C1,ACH-002801
NCC-MPNST3-X2-C1,NCCMPNST3X2C1,ACH-002802
NCC-MPNST4-C1,NCCMPNST4C1,ACH-002803
NCC-MPNST5-C1,NCCMPNST5C1,ACH-002804
A03,A03,ACH-002805
TB096,TB096,ACH-002806
BT1160,BT1160,ACH-002807
BT232,BT232,ACH-002808
BT360,BT360,ACH-002809
BT228,BT228,ACH-002810
BT112,BT112,ACH-002811
BT333,BT333,ACH-002812
BT182,BT182,ACH-002813
BT224,BT224,ACH-002814
BT245,BT245,ACH-002815
BT179,BT179,ACH-002816
BT145,BT145,ACH-002817
BT164,BT164,ACH-002818
BT428,BT428,ACH-002819
BT172,BT172,ACH-002820
BT286,BT286,ACH-002821
BT147,BT147,ACH-002822
BT159,BT159,ACH-002823
BT320,BT320,ACH-002824
BT559,BT559,ACH-002825
BT187,BT187,ACH-002826
BT188,BT188,ACH-002827
BT359,BT359,ACH-002828
BT138,BT138,ACH-002829
BT237,BT237,ACH-002830
KURAMOCHI ES1,KURAMOCHIES1,ACH-002831
KURAMOCHI ES2,KURAMOCHIES2,ACH-002832
OVCAR4 ES1,OVCAR4ES1,ACH-002833
PSS131R,PSS131R,ACH-002834
CCLF_AB1004T,CCLFAB1004T,ACH-002835
CCLF_AB1016T,CCLFAB1016T,ACH-002836
CCLF_AB1017T,CCLFAB1017T,ACH-002837
CCLF_AB1031T,CCLFAB1031T,ACH-002838
CCLF_NH1002T,CCLFNH1002T,ACH-002839
CCLF_NH1003T,CCLFNH1003T,ACH-002840
COL016T,COL016T,ACH-002841
CCLF_NH1005T,CCLFNH1005T,ACH-002842
CCLF_RCRF1018T,CCLFRCRF1018T,ACH-002843
CCLF_RCRF1012T,CCLFRCRF1012T,ACH-002844
YUHIMO 09-1365C,YUHIMO091365C,ACH-002845
YUSEEP-M 16-3517,YUSEEPM163517,ACH-002846
YUHOIN 06-50,YUHOIN0650,ACH-002847
BT131,BT131,ACH-002848
BT239,BT239,ACH-002849
BT330,BT330,ACH-002851
CCLF_cRCRF1080T,CCLFcRCRF1080T,ACH-002853
CCLF_KL1252T,CCLFKL1252T,ACH-002854
CCLF_KL1247T,CCLFKL1247T,ACH-002859
CCLF_KL1248T,CCLFKL1248T,ACH-002861
CCLF_KL1249T,CCLFKL1249T,ACH-002862
CCLF_KL1256T,CCLFKL1256T,ACH-002863
CCLF_KL1253T,CCLFKL1253T,ACH-002864
CCLF_KL1250T,CCLFKL1250T,ACH-002865
CCLF_KL1274T,CCLFKL1274T,ACH-002866
CCLF_BU1017T,CCLFBU1017T,ACH-002867
CCLF_NH1006T,CCLFNH1006T,ACH-002869
CCLF_RCRF1050T,CCLFRCRF1050T,ACH-002870
CCLF_cRCRF1017T,CCLFcRCRF1017T,ACH-002871
CCLF_KL1201T,CCLFKL1201T,ACH-002873
A375_RPMI,A375RPMI,ACH-002874
RVH421_RPMI,RVH421RPMI,ACH-002875
BT657,BT657,ACH-002876
MSK-ST60,MSKST60,ACH-002877
MSK-ST111,MSKST111,ACH-002878
MSK-ST143,MSKST143,ACH-002879
WCRC-25,WCRC25,ACH-002880
IPM-BO-043,IPMBO043,ACH-002881
IPM-BO-046,IPMBO046,ACH-002882
IPM-BO-053,IPMBO053,ACH-002883
IPM-BO-055,IPMBO055,ACH-002884
IPM-BO-056,IPMBO056,ACH-002885
VACO 432,VACO432,ACH-002886
VACO 432 PIK3CA,VACO432PIK3CA,ACH-002887
BT1153,BT1153,ACH-002888
BT325,BT325,ACH-002889
BT328,BT328,ACH-002890
BT340,BT340,ACH-002891
BT397,BT397,ACH-002892
BT444,BT444,ACH-002893
BT484,BT484,ACH-002894
BT498,BT498,ACH-002895
BT509,BT509,ACH-002896
BT511,BT511,ACH-002897
BT530,BT530,ACH-002898
BT538,BT538,ACH-002899
BT539,BT539,ACH-002900
BT572,BT572,ACH-002901
BT607,BT607,ACH-002902
BT632,BT632,ACH-002903
BT639,BT639,ACH-002904
BT681,BT681,ACH-002905
BT701,BT701,ACH-002906
BT702,BT702,ACH-002907
BT715,BT715,ACH-002908
BT752,BT752,ACH-002909
BT774,BT774,ACH-002910
BT869,BT869,ACH-002911
BT921,BT921,ACH-002912
CPDM_0021X,CPDM0021X,ACH-002913
CPDM_0051X,CPDM0051X,ACH-002914
CPDM_0052X,CPDM0052X,ACH-002915
CPDM_0053X,CPDM0053X,ACH-002916
CPDM_0689X,CPDM0689X,ACH-002917
CPDM_0703X,CPDM0703X,ACH-002918
CCLF_cRCRF1102T,CCLFCRCRF1102T,ACH-002919
MFD1,MFD1,ACH-002920
BCK4,BCK4,ACH-002921
SK-N-MM,SKNMM,ACH-002922
LAI-5S,LAI5S,ACH-002923
UPMM2,UPMM2,ACH-002924
UPMM3,UPMM3,ACH-002925
UPMD1,UPMD1,ACH-002926
UPMD2,UPMD2,ACH-002927
MM100511,MM100511,ACH-002928
QB01-UM,QB01UM,ACH-002929
QB03-MLM,QB03MLM,ACH-002930
QB02-UM,QB02UM,ACH-002931
CCLF_NEURO_0001_T,CCLFNEURO0001T,ACH-002932
WBM550,WBM550,ACH-002933
WM4324,WM4324,ACH-002934
CCLF_PEDS_0042_T,CCLFPEDS0042T,ACH-002935
CCLF_PEDS_0043_T,CCLFPEDS0043T,ACH-002936
CCLF_PEDS_0020_T,CCLFPEDS0020T,ACH-002937
CCLF_PEDS_0035_T,CCLFPEDS0035T,ACH-002938
CCLF_PEDS_0034_T,CCLFPEDS0034T,ACH-002939
CCLF_PEDS_0037_T,CCLFPEDS0037T,ACH-002940
CCLF_PEDS_0039_T,CCLFPEDS0039T,ACH-002941
CCLF_RARE_0004_T,CCLFRARE0004T,ACH-002942
CCLF_PEDS_0044_T,CCLFPEDS0044T,ACH-002943
CCLF_PEDS_0045_T,CCLFPEDS0045T,ACH-002944
CCLF_RARE_0006_T,CCLFRARE0006T,ACH-002945
UKE-1,UKE1,ACH-002946
NH85TSc p9 2-10-20,NH85TSC,ACH-002947
NH95T p5 6-18-20,NH95T,ACH-002948
NH87TT p6 11/26/20,NH87T,ACH-002949
NH93T p5 4/10/20,NH93T,ACH-002950
NH84TT p7 12/17/20,NH84T,ACH-002951
AB053,AB053,ACH-002952
AB040,AB040,ACH-002953
CCLF_AB1008,CCLFAB1008,ACH-002954
CCLF_AB1013,CCLFAB1013,ACH-002955
CCLF_AB1018,CCLFAB1018,ACH-002956
CCLF_AB1040,CCLFAB1040,ACH-002957
CCLF_AB1030,CCLFAB1030,ACH-002958
CCLF_AB1036,CCLFAB1036,ACH-002959
CCLF_AB1021,CCLFAB1021,ACH-002960
CCLF_AB1027,CCLFAB1027,ACH-002961
CCLF_AB1039,CCLFAB1039,ACH-002962
CCLF_AB1054,CCLFAB1054,ACH-002963
CCLF_AB1066,CCLFAB1066,ACH-002964
CCLF_AB1075,CCLFAB1075,ACH-002965
CCLF_AB1079,CCLFAB1079,ACH-002966
CCLF_AB1083,CCLFAB101383,ACH-002967
CCLF_AB1086,CCLFAB1086,ACH-002968
CCLF_cRCRF1020,CCLFCRCRF1020,ACH-002969
CCLF_AB1052,CCLFAB1052,ACH-002970
CCLF_AB1091,CCLFAB1091,ACH-002971
CCLF_AB1131,CCLFAB1131,ACH-002972
CCLF_AB1030,CCLFAB1030,ACH-002973
CCLF_AB1016,CCLFAB1016,ACH-002974
CCLF_AB1157,CCLFAB1157,ACH-002975
CCLF_RCRF1061T,CCLFRCRF1061T,ACH-002976
CCLF_cRCRF1047,CCLFCRCRF1047,ACH-002977
CCLF_cRCRF1055T,CCLFCRCRF1055T,ACH-002978
CCLF_cRCRF1036T,CCLFCRCRF1036T,ACH-002979
CCLF_AB1029T_ASC,CCLFAB1029ASC,ACH-002980
CCLF_AB1053T_ASC,CCLFAB1053TASC,ACH-002981
NA,CCLFAB1129T,ACH-002982
CCLF_AB1080T,CCLFAB1080T,ACH-002983
CCLF_cRCRF1031T,CCLFcRCRF1031T,ACH-002984
CCLF_cRCRF1042T,CCLFcRCRF1042T,ACH-002985
CCLF_cRCRF1054T,CCLFcRCRF1054T,ACH-002986
CCLF_cRCRF1066T,CCLFcRCRF1066T,ACH-002987
CCLF_KL1235T,CCLFKL1235T,ACH-002988
WCM154,WCM154,ACH-002989
WCM155,WCM155,ACH-002990
WCM1078,WCM1078,ACH-002991
WCM1262,WCM1262,ACH-002992
WSU-AML,WSUAML,ACH-002994
