broad_id,name
BRD-K88510285-001-50-9,bortezomib
BRD-K64881305-001-03-7,ispinesib
BRD-K62391742-001-09-7,venetoclax
BRD-K87782578-001-01-4,AVL-292
BRD-K22822991-001-02-3,odanacatib
BRD-K38527262-300-01-0,atiprimod
BRD-K42495768-001-01-7,tasisulam
BRD-K44408410-001-17-6,2-methoxyestradiol
BRD-K58529924-001-01-5,ONC201
BRD-K81418486-001-44-2,vorinostat
BRD-K43389675-001-02-1,daunorubicin
BRD-K08547377-001-04-4,irinotecan
BRD-K82135108-001-04-3,elesclomol
BRD-K62200014-003-10-5,anagrelide
BRD-K05804044-001-18-5,AZ-628
BRD-K03406345-001-21-1,azacitidine
BRD-K08703257-001-13-9,3-amino-benzamide
BRD-K54955827-001-02-2,niraparib
BRD-K56981171-001-02-8,brigatinib
BRD-M97302542-001-04-4,dichloroacetate
BRD-K76210423-001-01-6,resiquimod
BRD-K17610631-001-03-3,indisulam
BRD-K06814349-304-02-7,fosbretabulin
BRD-K63504947-001-14-7,semaxanib
BRD-K02130563-001-11-4,panobinostat
BRD-K08109215-001-06-4,I-BET-762
BRD-K28822270-001-03-7,resminostat
BRD-K82746043-001-19-3,navitoclax
BRD-K96123349-236-02-8,brequinar
BRD-K35520305-001-16-9,dacarbazine
BRD-K58435339-001-03-0,AT13387
BRD-K17894950-001-14-3,indirubin
BRD-K49350383-001-14-5,thioguanine
BRD-K69694239-001-02-2,bardoxolone-methyl
BRD-K61192372-001-08-9,capecitabine
BRD-K76674262-001-03-3,homoharringtonine
BRD-K92441787-001-04-1,bexarotene
BRD-K60866521-001-07-1,idelalisib
BRD-K82818427-001-04-8,batimastat
BRD-K62627508-001-01-5,idasanutlin
BRD-A25234499-001-19-1,aminoglutethimide
BRD-K17743125-001-08-4,belinostat
BRD-K15179879-001-03-2,carfilzomib
BRD-K67844266-003-01-9,pevonedistat
BRD-K95142244-001-01-5,talazoparib
BRD-K26657438-001-15-2,imiquimod
BRD-A70858459-001-01-7,estramustine
BRD-K13514097-001-04-6,everolimus
BRD-K73838513-003-05-5,cinacalcet
BRD-K44827188-001-06-0,vismodegib
BRD-K12184916-001-19-6,NVP-BEZ235
BRD-K52313696-001-12-3,tacedinaline
BRD-K26026438-001-01-0,tucatinib
BRD-K62196610-001-01-6,AVN-944
BRD-K11630072-001-13-2,carmofur
BRD-K19796430-001-05-6,sonidegib
BRD-K15600710-066-05-8,obatoclax
BRD-K79254416-001-21-8,decitabine
BRD-K02113016-001-19-6,olaparib
BRD-K51967704-001-03-6,BIIB021
BRD-K22064724-001-01-8,napabucasin
BRD-K36627727-001-05-4,tamibarotene
BRD-K86972824-001-01-4,oltipraz
BRD-K41859756-001-06-8,NVP-AUY922
BRD-K83988098-001-02-0,alvespimycin
BRD-K63712959-001-01-8,temoporfin
BRD-K83029223-001-01-3,litronesib
BRD-K42898655-001-01-8,temsirolimus
BRD-K08542803-001-02-3,gambogic-acid
BRD-K37379014-001-02-0,filanesib
BRD-K81473043-001-19-5,tanespimycin
BRD-A74914197-001-02-9,pralatrexate
BRD-K62008436-001-23-9,paclitaxel
BRD-K38852836-001-02-1,ganetespib
BRD-K30577245-001-05-0,docetaxel
BRD-K58550667-001-08-7,FK-866
BRD-K88510285-001-17-8,bortezomib
BRD-K60230970-001-14-2,MG-132
BRD-K71847383-001-12-5,cytarabine
BRD-A98990573-003-01-3,epinastine
BRD-K47832606-001-30-1,floxuridine
BRD-K72951360-001-01-4,valrubicin
BRD-K33127281-001-05-6,adapalene
BRD-K88510285-001-22-8,bortezomib
BRD-K19388745-003-01-7,colforsin-daproate
BRD-K11640013-236-10-1,sulfamethazine
BRD-K53123955-001-10-5,niridazole
BRD-K90027121-003-01-7,amprolium
BRD-A19585813-003-03-3,methylphenidate
BRD-A85667082-001-12-7,fulvestrant
BRD-K00077635-304-01-2,estramustine-phosphate
BRD-K07220430-001-18-4,cinnarazine
BRD-K61397605-001-03-4,romidepsin
BRD-A71725768-001-01-3,metoxibutropate
BRD-K62213621-001-01-6,dihydroartemisinin
BRD-A14240607-003-26-1,octopamine
BRD-K68997413-001-05-1,PF-3845
BRD-K01773560-001-02-4,UNC2250
BRD-K44067360-001-30-3,flufenamic-acid
BRD-A28970875-300-04-9,puromycin
BRD-K24593301-001-02-3,AZD3463
BRD-K00535541-001-06-3,9-aminoacridine
BRD-K35329391-334-01-7,GZD824
BRD-K94485812-001-02-9,LDN-57444
BRD-K36055864-001-19-2,cycloheximide
BRD-K49759007-001-11-9,4-hydroxy-phenazone
BRD-K14329163-001-03-9,BAY-K-8644-(s)-(-)
BRD-K00615600-001-12-9,AG-14361
BRD-K61688984-001-02-9,RGFP966
BRD-K99170882-001-04-3,NSC-319726
BRD-K28570407-001-02-0,A-803467
BRD-K60446698-001-01-2,ONX-0914
BRD-K28453807-003-11-2,nitrocaramiphen
BRD-K26824830-001-02-0,azomycin-(2-nitroimidazole)
BRD-K64888243-001-03-7,AZ960
BRD-K29173907-001-09-2,isoflupredone-acetate
BRD-K97365803-001-02-1,PI-828
BRD-A57833392-001-01-7,oxymatrine
BRD-K51471001-303-04-7,demecarium
BRD-K92093830-003-30-8,doxorubicin
BRD-K88510285-001-11-1,bortezomib
BRD-K37249724-001-25-7,astemizole
BRD-K03601870-001-01-2,ixabepilone
BRD-K32821942-001-21-3,azathioprine
BRD-K32744045-001-31-2,disulfiram
BRD-K31627533-001-09-5,rimexolone
BRD-A55913614-316-09-6,primaquine
BRD-A57382968-001-29-0,piroxicam
BRD-K59632282-052-03-1,quinidine
BRD-K59436580-001-01-7,tedizolid
BRD-K20655524-003-12-0,mefexamide
BRD-K31468676-237-01-8,oxonic-acid
BRD-A11551002-001-04-6,dehydrocholate-acid
BRD-K04430056-236-02-1,7-nitroindazole
BRD-K00317371-001-06-1,RITA
BRD-K66715657-050-01-0,UH-232-(+)
BRD-K47150025-001-05-3,KI-8751
BRD-K09132007-001-07-5,D-4476
BRD-K09900591-001-26-7,caffeic-acid
BRD-A12230535-001-06-7,nutlin-3
BRD-K28360340-001-08-3,TW-37
BRD-K44665581-001-01-8,bromosporine
BRD-K26531771-001-02-2,EPZ-5676
BRD-A44500574-001-01-8,FLI-06
BRD-K87112191-001-04-5,PP242
BRD-A74765037-001-01-1,estradiol-benzoate
BRD-K30990140-003-02-4,FR-122047
BRD-A64242993-001-05-6,lanatoside-c
BRD-K66956375-001-11-3,oleoylethanolamide
BRD-K59146805-001-03-7,AZ3146
BRD-K02407574-001-09-7,parbendazole
BRD-K72231366-001-02-3,TAME
BRD-K26997899-001-02-2,D-64131
BRD-K15424032-001-03-6,SB-228357
BRD-K58770988-001-01-8,NMS-E973
BRD-A03216249-003-24-3,mepivacaine
BRD-K69726342-238-02-4,atorvastatin
BRD-K69608737-001-10-2,tacrolimus
BRD-A72711497-236-03-8,lasalocid
BRD-K56614220-001-19-0,clofazimine
BRD-K73237276-001-01-0,tacalcitol
BRD-A16997652-001-02-3,protirelin
BRD-A69815203-001-07-6,cyclosporin-a
BRD-A81513827-001-03-6,saxagliptin
BRD-K26634012-001-04-9,tilmicosin
BRD-K90374350-001-09-2,chlorquinaldol
BRD-U45393375-000-01-6,sevelamer
BRD-K38183498-001-02-0,clonazepam
BRD-K26619122-001-02-1,thiocolchicoside
BRD-K81839095-001-30-1,estrone
BRD-K88172511-003-20-3,naltrexone
BRD-K23566484-001-15-1,nilutamide
BRD-A35588707-001-05-5,teniposide
BRD-A91733352-300-04-5,camylofine-chlorhydrate
BRD-A14395271-074-17-8,mesoridazine
BRD-K76011241-001-01-8,oseltamivir-phosphate
BRD-A43671941-003-11-9,oxprenolol
BRD-K73589491-001-11-2,nizatidine
BRD-A25608658-001-01-1,narasin
BRD-K89714990-001-01-5,tepoxalin
BRD-K32107296-001-16-9,temozolomide
BRD-A29485665-001-12-8,bicalutamide
BRD-K99792991-001-34-9,hexachlorophene
BRD-K92049597-001-20-8,triamterene
BRD-K34157611-001-16-0,cimetidine
BRD-K01109406-001-03-7,nitisinone
BRD-K69116396-001-04-1,sertindole
BRD-K29458283-001-29-9,chlorambucil
BRD-K71106091-001-06-1,fludarabine-phosphate
BRD-A90547603-001-02-5,eptifibatide
BRD-K72093121-001-16-3,vidarabine
BRD-K30577245-341-01-9,docetaxel
BRD-K35687421-001-02-5,gimeracil
BRD-K34022604-001-06-6,clofarabine
BRD-K04111260-001-10-0,raclopride
BRD-K02113016-001-15-4,olaparib
BRD-K37798499-001-27-2,etoposide
BRD-K15916496-001-27-9,clotrimazole
BRD-A03623303-045-09-5,metoprolol
BRD-K06858286-001-01-3,cabazitaxel
BRD-K67977190-066-02-3,eprosartan
BRD-K51747290-001-13-1,hydroxyurea
BRD-K47978074-001-02-4,trometamol
BRD-K87827419-001-16-8,melphalan
BRD-K25837718-001-03-8,josamycin
BRD-K24556098-001-16-7,deoxycorticosterone-acetate
BRD-K91601245-001-12-0,mercaptopurine
BRD-K84466663-001-05-4,nelarabine
BRD-A91452556-001-04-0,estradiol-cypionate
BRD-K04196797-001-24-4,oxcarbazepine
BRD-A70649075-008-30-8,sulconazole
BRD-K78815826-001-14-6,suxibuzone
BRD-K21565985-001-22-5,xylazine
BRD-K70246307-001-04-1,riboflavin
BRD-K36711084-001-02-0,cyromazine
BRD-A70083328-001-23-5,secnidazole
BRD-K28307902-001-21-7,flutamide
BRD-K06222852-001-03-2,posaconazole
BRD-K68095457-001-10-1,palmitoylethanolamide
BRD-K69280563-001-01-8,vinorelbine
BRD-K62008436-001-22-1,paclitaxel
BRD-K88429204-001-35-1,pyrimethamine
BRD-K13112821-001-17-4,artemisinin
BRD-K10799896-001-26-2,clobetasol-propionate
BRD-A25234499-001-18-3,aminoglutethimide
BRD-K29950728-048-17-4,clomifene
BRD-A31095847-001-02-3,mozavaptan
BRD-K99475619-001-01-2,genz-644282
BRD-K83508485-001-02-7,FK-888
BRD-K39484304-001-16-5,triptolide
BRD-K68532323-003-02-8,SB-743921
BRD-K04264130-001-01-4,favipiravir
BRD-K68870568-066-01-5,flumatinib
BRD-K71281111-001-04-3,SNX-2112
BRD-K71480163-001-01-4,GDC-0068
BRD-K08542803-001-03-1,gambogic-acid
BRD-K28192623-066-08-1,spiradoline
BRD-K99604664-001-01-1,tanaproget
BRD-K97101532-001-02-8,tezacaftor
BRD-K12787259-001-04-3,CX-5461
BRD-K57927309-001-01-7,BW-180C
BRD-K18849474-001-04-4,dalcetrapib
BRD-K66911501-003-01-2,MK-3207
BRD-A50998626-001-02-1,palomid-529
BRD-K51324732-001-01-0,meglitinide
BRD-K62965247-001-04-9,tipifarnib
BRD-K92968657-001-01-6,tirapazamine
BRD-K14796088-003-26-8,berberine
BRD-K12885236-001-02-7,dapivirine
BRD-K92241597-001-06-0,tosedostat
BRD-K97883416-001-01-4,BMS-626529
BRD-K30933884-001-01-0,UNBS-5162
BRD-K70463136-001-01-5,BAY-87-2243
BRD-K72827473-001-01-0,CEP-37440
BRD-K04993719-001-01-7,LY2334737
BRD-K40797222-001-01-8,SC-12267
BRD-K52751261-001-06-1,TAK-715
BRD-A47706533-001-02-6,buthionine-sulfoximine
BRD-K62398570-300-01-2,lerisetron
BRD-K45724504-001-01-6,anguidine
BRD-A46813902-001-01-6,iododexetimide
BRD-K75649340-001-13-1,tioguanine
BRD-A25687296-300-04-3,emetine
BRD-K96358241-001-01-9,harringtonine
BRD-A64553394-001-04-4,DPI-201106
BRD-K51662849-001-08-8,ilomastat
BRD-K19295594-015-14-3,gossypol
BRD-K64925568-001-01-8,AMG-232
BRD-K16551357-001-03-2,evacetrapib
BRD-K23301018-001-11-7,broxyquinoline
BRD-K11215326-001-03-7,tazemetostat
BRD-K19318328-001-01-3,FR-139317
BRD-A95696066-003-13-8,nisoxetine
BRD-K91623615-001-05-0,ABT-751
BRD-K74057757-001-01-9,indibulin
BRD-K94420399-001-01-9,PF-04136309
BRD-K26712974-001-01-5,VX-765
BRD-K53097745-001-01-5,pterostilbene
BRD-K66241279-001-01-8,cinromide
BRD-K60341624-001-02-2,GSK1292263
BRD-K70914287-300-02-8,BIBX-1382
BRD-K03384561-001-02-7,roquinimex
BRD-A47953250-001-01-7,ecamsule-triethanolamine
BRD-K82928892-001-02-5,doxercalciferol
BRD-K07265709-003-05-6,dexrazoxane
BRD-K83003151-057-02-4,alogliptin
BRD-K13183738-317-10-2,pentamidine
BRD-A75919782-399-02-6,leucovorin
BRD-K13514097-001-05-3,everolimus
BRD-A50049929-001-01-9,oxazepam
BRD-K86204871-001-16-2,terconazole
BRD-K17979676-001-01-2,eprobemide
BRD-A01643550-001-04-9,prednisolone-acetate
BRD-K42938903-332-01-1,acetophenazine
BRD-K84091759-001-07-1,candesartan
BRD-K02594908-001-16-4,sulfanilamide
BRD-K40992116-001-09-7,parachlorophenol
BRD-K16277217-001-10-9,piperacetazine
BRD-K35952844-236-01-6,sodium-glucoheptonate
BRD-A59303141-001-10-4,quinethazone
BRD-K87024524-065-17-7,phenelzine
BRD-A83937277-001-10-5,mephenytoin
BRD-K59647213-001-10-5,levocarnitine
BRD-K84783599-001-01-0,riociguat
BRD-K21283037-001-21-5,riluzole
BRD-A23067620-300-01-3,itraconazole
BRD-A81129465-001-03-8,fenoprofen
BRD-K18574842-236-17-7,nafcillin
BRD-K00673382-001-18-9,famotidine
BRD-K10843433-001-22-7,phenylbutazone
BRD-K10845183-304-01-6,tiludronate
BRD-K00259736-001-16-4,colchicine
BRD-K23204545-001-16-4,busulfan
BRD-K24048528-001-02-5,abiraterone-acetate
BRD-K35245662-001-01-2,ciclesonide
BRD-K15567136-003-27-2,papaverine
BRD-K43389675-003-20-9,daunorubicin
BRD-K52256627-300-06-6,chlorhexidine
BRD-K68346641-001-01-4,amsacrine
BRD-K82861010-001-02-5,daclatasvir
BRD-A49358627-001-14-6,ciprofibrate
BRD-K69650333-003-14-0,idarubicin
BRD-K19615002-001-02-3,creatine
BRD-K29254801-001-14-7,thiram
BRD-K88568253-011-19-9,iproniazid
BRD-A36267905-003-18-4,buphenine
BRD-A27887842-001-04-0,prednisolone
BRD-A36456202-001-01-3,colistin-b-sulfate
BRD-A48300215-001-04-8,ajmaline
BRD-K66808046-065-03-7,oxyquinoline
BRD-K92872987-001-02-9,cefpiramide
BRD-K35240538-001-26-2,methylprednisolone
BRD-K63126190-003-01-6,epinephrine
BRD-A30582499-003-05-1,tiletamine
BRD-A06352418-001-25-9,terfenadine
BRD-K85090592-008-22-7,pilocarpine
BRD-K21680192-300-14-4,mitoxantrone
BRD-A69651145-003-07-2,minocycline
BRD-A11132253-001-08-2,nadide
BRD-K02900412-001-11-3,clofoctol
BRD-A10070317-003-28-3,propranolol
BRD-K97810537-001-13-6,beclomethasone-dipropionate
BRD-K51318897-001-15-3,fenbendazole
BRD-K67511046-001-02-3,naloxone
BRD-K10670311-001-15-5,sulfasalazine
BRD-K48195008-001-19-9,ethinyl-estradiol
BRD-K11433652-001-17-0,aspirin
BRD-K18250272-003-11-0,propoxycaine
BRD-K78789465-001-01-6,pentagastrin
BRD-A00758722-001-04-9,noretynodrel
BRD-A02180903-001-04-5,betamethasone
BRD-K13249881-001-02-3,piperazine
BRD-K85333151-003-13-4,ramifenazone
BRD-A50311610-300-10-4,meclizine
BRD-K46937689-001-15-0,phenazone
BRD-K45252063-001-13-6,clofibrate
BRD-K54094468-003-11-1,remoxipride
BRD-K36386086-001-01-1,dolutegravir
BRD-K67043667-001-26-4,altretamine
BRD-K34411947-001-12-5,streptozotocin
BRD-A24397426-001-10-4,nadifloxacin
BRD-K99946902-001-07-5,hexylresorcinol
BRD-K72723676-003-17-8,benzethonium
BRD-K43860855-065-11-9,iobenguane
BRD-K09416995-001-39-9,lovastatin
BRD-K04568635-300-01-4,octenidine
BRD-A16700644-003-04-4,isoxsuprine
BRD-K82181219-001-04-3,pyritinol
BRD-K40787673-001-02-1,lacitol
BRD-K47635719-001-21-1,dexamethasone-acetate
BRD-K56851771-001-06-8,enzalutamide
BRD-A92439610-001-05-7,triamcinolone-acetonide
BRD-K38197229-001-29-9,bumetanide
BRD-K45033733-001-12-2,famciclovir
BRD-K62310379-001-10-5,fluticasone-propionate
BRD-K27351809-001-09-5,nomegestrol-acetate
BRD-U25960968-000-01-9,tyloxapol
BRD-K87774949-001-03-9,istradefylline
BRD-A58564983-001-04-6,selamectin
BRD-K60237333-001-27-1,niacin
BRD-K60160658-003-11-2,tiagabine
BRD-K96159438-001-06-3,adefovir-dipivoxil
BRD-K71075609-003-01-0,dorzolamide
BRD-K59197931-001-04-5,naproxen
BRD-K83257731-003-23-5,chloropyramine
BRD-A55962179-001-22-1,omeprazole
BRD-K60585088-001-01-5,paricalcitol
BRD-K71822263-001-03-2,D-Serine
BRD-K79254416-001-22-6,decitabine
BRD-K41141507-001-16-2,cyproterone-acetate
BRD-K92428153-001-04-4,mycophenolate-mofetil
BRD-K64381438-001-03-8,ulipristal
BRD-K75466013-001-14-4,benzocaine
BRD-A93236127-001-04-5,digitoxin
BRD-A09722536-002-18-0,cyclophosphamide
BRD-A55424491-001-19-9,methotrexate
BRD-K96424892-001-02-9,chloramphenicol-palmitate
BRD-K51199656-003-01-4,fluoromethylcholine
BRD-A53151380-001-01-2,prednisolone-tebutate
BRD-A54275602-001-01-0,lanoconazole
BRD-A11815689-001-01-1,proscillaridin-a
BRD-K75037734-003-13-9,carbachol
BRD-K08619574-334-05-4,thioproperazine
BRD-K33425534-001-12-5,exemestane
BRD-K93568044-001-32-0,hydrocortisone
BRD-K63750851-001-20-7,mycophenolic-acid
BRD-A68304895-003-02-2,BTS-54505
BRD-A67862938-034-14-9,naftidrofuryl
BRD-K75958547-238-01-0,pitavastatin
BRD-K50590187-001-19-9,capsaicin
BRD-K49840922-001-05-1,etofylline-clofibrate
BRD-A64743628-001-01-5,isometheptene-mucate
BRD-A41304429-001-14-8,practolol
BRD-K17294426-050-12-3,clebopride
BRD-K38003476-001-09-1,clocortolone-pivalate
BRD-K04548931-003-16-5,epirubicin
BRD-K63828191-003-32-1,raloxifene
BRD-K54262262-001-09-0,monobenzone
BRD-K77987382-001-13-2,mebendazole
BRD-K35520305-001-17-7,dacarbazine
BRD-A31521121-001-26-4,methocarbamol
BRD-A38350138-001-04-9,ketoconazole
BRD-K93034159-001-25-8,cladribine
BRD-A06627858-236-03-0,monensin
BRD-K70505054-003-12-4,ranitidine
BRD-A39390670-236-10-7,rabeprazole
BRD-K68693535-001-03-4,lidamidine
BRD-K92073408-001-16-5,norethindrone
BRD-K70358946-001-15-7,aripiprazole
BRD-K59574735-001-11-8,ubenimex
BRD-K35189033-001-26-1,levonorgestrel
BRD-K62810658-001-12-2,PD-98059
BRD-K58122457-001-02-2,hesperadin
BRD-A14344385-001-03-2,IDRA-21
BRD-K68633617-003-02-9,ACDPP
BRD-K13571841-001-14-4,pepstatin
BRD-K98157055-001-10-9,SIB-1757
BRD-A34751532-001-06-9,homosalate
BRD-K37720887-001-07-8,SB-525334
BRD-K86727142-001-12-4,embelin
BRD-A72703248-003-04-9,SKF-96365
BRD-K33277808-331-01-3,ouabain
BRD-K51474575-001-10-4,taurine
BRD-K52172416-001-11-4,anastrozole
BRD-A24587114-066-22-5,isoetharine
BRD-K58049875-001-04-7,thiostrepton
BRD-K37590257-001-02-8,GSK256066
BRD-K84683831-001-01-0,radezolid
BRD-K49555808-001-03-9,BMS-707035
BRD-K85406984-001-01-0,sobetirome
BRD-K63504947-001-15-4,semaxanib
BRD-K19412355-001-01-0,SB-242235
BRD-K09602097-001-13-6,forskolin
BRD-K26838195-075-04-9,AST-1306
BRD-K18157228-001-01-7,fdcyd
BRD-K20545304-001-01-6,bardoxolone
BRD-K65924316-001-03-1,serdemetan
BRD-K94559059-091-01-6,telotristat-ethyl
BRD-K28822270-001-01-1,resminostat
BRD-K29673530-001-05-4,hypericin
BRD-K13050541-001-01-9,acivicin
BRD-K37618799-001-03-0,MRS-1220
BRD-A94624445-236-17-0,bucladesine
BRD-K08996725-332-01-7,zolantidine
BRD-K55462201-001-07-3,AM-404
BRD-A74208568-003-01-5,CGP-54626
BRD-K12040459-001-06-0,AT7867
BRD-K78496197-001-03-9,SCS
BRD-A43809092-003-02-1,clobutinol
BRD-K73391359-003-10-2,dimethisoquin
BRD-K56707426-001-02-0,nitarsone
BRD-A75850590-213-01-0,lomefloxacin
BRD-A91366704-001-01-9,eprinomectin
BRD-M89827113-001-01-5,cromakalim
BRD-A64064900-001-02-3,sangivamycin
BRD-A51571244-001-01-9,hypoestoxide
BRD-K81694556-003-01-9,VTP-27999
BRD-K95573441-001-01-2,PFK-015
BRD-K62762455-001-01-3,RU-58841
BRD-K37069697-001-01-3,fexinidazole
BRD-K46690591-001-01-2,KP-1212
BRD-A10903566-003-07-7,imiloxan
BRD-K55703048-001-07-7,latrepirdine
BRD-K08703257-001-12-1,3-amino-benzamide
BRD-K52762805-001-01-2,epothilone-d
BRD-K16485616-001-08-9,mocetinostat
BRD-A55312468-001-04-7,k-strophanthidin
BRD-K83837640-001-04-8,JNJ-26481585
BRD-K12184916-001-15-4,NVP-BEZ235
BRD-K15600710-066-04-1,obatoclax
BRD-K38287497-001-01-2,narlaprevir
BRD-K56032964-001-02-1,AP26113
BRD-K01029106-001-01-4,picolinic-acid
BRD-K68938568-001-01-7,GDC-0152
BRD-K82746043-001-15-1,navitoclax
BRD-K68552125-001-05-3,12-O-tetradecanoylphorbol-13-acetate
BRD-K00152668-001-01-5,adarotene
BRD-A03506276-001-01-5,XL888
BRD-K02389548-001-02-5,RG2833
BRD-K39624409-003-02-6,ADL5859
BRD-K69726595-001-01-2,mericitabine
BRD-K29968218-001-03-2,KX2-391
BRD-K31476763-001-01-5,AZD9668
BRD-K37379014-001-01-2,filanesib
BRD-K14385366-001-04-4,FG-4592
BRD-A72716251-001-01-5,peruvoside
BRD-K23677682-003-01-2,voreloxin
BRD-K34073885-001-09-3,tanshinone-i
BRD-K14880289-001-02-2,GW-501516
BRD-K36269323-300-02-6,asymmetrical-dimethylarginine
BRD-K92150287-066-01-2,exatecan-mesylate
BRD-K68164687-001-01-6,epothilone-b
BRD-K68103045-001-02-9,CGS-20625
BRD-K68392338-003-02-0,ZK-93426
BRD-K77908580-001-09-6,entinostat
BRD-K61036791-001-01-6,rucinol
BRD-K59325863-001-02-8,delanzomib
BRD-K41599323-001-02-3,lonafarnib
BRD-A07704283-001-01-3,isofloxythepin
BRD-K71221037-001-01-6,birinapant
BRD-A39935389-001-05-9,teroxirone
BRD-K26823213-001-02-9,GW-842166
BRD-K71164191-001-01-0,KD-023
BRD-K88506063-001-01-8,KD025
BRD-K05445342-001-05-3,WP1066
BRD-K86797399-001-05-1,SB-939
BRD-K76703230-004-04-1,YM-155
BRD-A26032986-050-02-1,zaldaride
BRD-K25630527-001-03-8,LY2784544
BRD-K21396683-001-04-8,marimastat
BRD-K13756951-001-01-4,bitopertin
BRD-A24514565-001-09-7,warfarin
BRD-K54247840-004-01-3,halofuginone
BRD-K60348325-065-09-9,brilliant-green
BRD-K08303368-001-10-0,chlorpyrifos
BRD-A10977446-001-12-1,carvedilol
BRD-K18910433-001-36-6,estradiol
BRD-K65377893-001-07-4,7-aminocephalosporanic-acid
BRD-A94756469-001-04-7,digoxin
BRD-K93869735-001-01-1,taltirelin
BRD-K90027355-001-13-3,spironolactone
BRD-A74391928-051-01-3,ibutilide
BRD-K05524748-003-04-4,dronedarone
BRD-K09549677-300-03-4,mibefradil
BRD-K49962337-001-02-9,baicalin
BRD-K00494077-066-01-9,trovafloxacin
BRD-K08586861-001-01-1,ramatroban
BRD-K24844714-001-24-5,5-fluorouracil
BRD-K97799481-001-16-0,theophylline
BRD-A13133631-001-04-0,fluorometholone
BRD-A09349126-001-10-7,norethindrone-acetate
BRD-A93695607-322-02-5,nicotine
BRD-K78126613-001-28-5,menadione
BRD-A08187463-001-12-9,racecadotril
BRD-K30480208-001-18-5,torasemide
BRD-K97746869-001-27-0,chlorpropamide
BRD-K67261995-001-11-7,iodipamide
BRD-K27217864-001-22-3,butamben
BRD-A50157456-065-20-6,terbutaline
BRD-K68507560-003-24-6,dicycloverine
BRD-A53951045-004-01-6,butylscopolamine-bromide
BRD-K66788707-001-14-3,fludarabine
BRD-K13387373-004-14-5,thonzonium
BRD-A60197193-001-14-6,amisulpride
BRD-K08525451-003-05-2,sarafloxacin
BRD-A06426627-001-03-5,diclazuril
BRD-K49350383-001-13-7,thioguanine
BRD-K31812033-003-11-0,levobunolol
BRD-K74501079-001-18-1,azithromycin
BRD-A20239487-001-24-9,atenolol-(+/-)
BRD-K21937671-001-09-2,loxistatin-acid
BRD-A92630576-050-24-1,trimebutine
BRD-A97739905-001-26-5,ketoprofen
BRD-K27316855-001-13-3,calcitriol
BRD-A75726477-003-21-3,clenbuterol
BRD-K25433859-003-25-4,maprotiline
BRD-K21547160-001-01-4,sufentanil
BRD-A97701745-001-16-0,pindolol
BRD-K40308497-001-01-2,crizotinib-(S)
BRD-A03932035-004-04-3,methscopolamine
BRD-M80207679-001-01-5,nemonapride
BRD-K10961822-001-05-1,latanoprost
BRD-A14886633-001-01-6,norgestrel
BRD-A80017228-001-25-7,bendroflumethiazide
BRD-K74763371-002-04-0,bosentan
BRD-A79981887-003-16-4,midodrine
BRD-K92213669-001-01-3,lomitapide
BRD-K07359318-001-03-9,benfotiamine
BRD-K79131256-001-17-9,albendazole
BRD-A17846016-001-13-9,trolox
BRD-K94720315-001-10-4,chromocarb
BRD-K39987650-001-24-1,bisacodyl
BRD-A28301258-001-03-0,salinomycin
BRD-A30886737-001-02-9,florfenicol
BRD-K50866992-003-10-3,tropisetron
BRD-K34332569-001-01-3,imidapril
BRD-K47878171-086-06-0,bephenium-hydroxynaphthoate
BRD-K96006502-001-02-6,deflazacort
BRD-A49765801-001-04-1,fludroxycortide
BRD-A67097164-001-18-7,ifosfamide
BRD-A48237631-001-04-8,mitomycin-c
BRD-K11510141-001-01-8,teprenone
BRD-K65781196-001-03-0,avanafil
BRD-K38458514-001-01-8,diazooxonorleucine
BRD-K61443650-236-13-1,thiomersal
BRD-K95763993-001-19-3,trapidil
BRD-K80431395-001-07-3,triciribine
BRD-A99888680-001-03-8,paliperidone
BRD-K89561498-001-01-7,SN-38
BRD-K01507359-001-22-9,rifampin
BRD-A26503646-001-16-6,formestane
BRD-K35960502-001-20-0,niclosamide
BRD-A17883755-001-06-1,lenalidomide
BRD-A67516570-001-02-8,lafutidine
BRD-K58148589-001-03-6,betamethasone-dipropionate
BRD-K03406345-001-27-8,azacitidine
BRD-K17068645-003-04-2,bendamustine
BRD-K87990216-001-10-2,piretanide
BRD-K16195444-003-26-0,oxymetazoline
BRD-K82818427-001-02-2,batimastat
BRD-K27184429-300-01-3,levocetirizine
BRD-K99107520-001-24-1,felbamate
BRD-K85554912-001-06-3,ivermectin
BRD-K76037122-001-02-5,guanidine
BRD-K72167406-001-02-1,cefditoren-pivoxil
BRD-K51040301-001-02-1,cobicistat
BRD-K82928847-001-04-7,ACY-1215
BRD-K18779551-003-07-8,bifemelane
BRD-K17849083-001-32-9,tranilast
BRD-K51350053-048-16-5,toremifene
BRD-K93441486-067-12-8,diphemanil
BRD-K27799744-001-02-8,cyclovirobuxin-d
BRD-K11196887-001-22-0,norfloxacin
BRD-K92657060-001-05-7,zaleplon
BRD-K87349682-347-03-8,norepinephrine
BRD-K28824103-001-02-8,genipin
BRD-K05674516-001-01-7,PSI-7976
BRD-K37793595-003-01-7,afobazole
BRD-K74141488-003-11-2,naftifine
BRD-K22134346-001-24-9,simvastatin
BRD-K84937637-001-09-9,sirolimus
BRD-K89839824-001-05-3,raltitrexed
BRD-K52662033-003-21-2,lidocaine
BRD-K50071428-001-03-3,abiraterone
BRD-K50677762-001-01-5,oxiracetam
BRD-K04552268-001-02-4,4-pyrimidinecarbonitrile
BRD-A08545410-003-07-8,doxycycline
BRD-K15766189-001-09-8,cefdinir
BRD-K54634444-001-05-9,artesunate
BRD-A49035384-003-28-9,methacycline
BRD-K96631475-001-02-4,10-deacetylbaccatin
BRD-K94353609-001-21-6,fluocinolone-acetonide
BRD-K77791657-003-01-7,3-deazaneplanocin-A
BRD-K89704198-001-12-3,vincamine
BRD-K88789588-001-14-9,letrozole
BRD-K99383816-001-03-5,ftorafur
BRD-K83988098-003-03-4,alvespimycin
BRD-K52020312-001-26-8,metronidazole
BRD-K73425385-065-04-8,bekanamycin
BRD-K66296774-236-11-3,fluvastatin
BRD-K17075857-001-18-4,chloroxine
BRD-K37270826-001-27-6,mifepristone
BRD-K50388907-001-30-4,fenofibrate
BRD-K20482099-001-09-4,rutin
BRD-A51964809-003-12-6,halofantrine
BRD-K47114202-001-14-6,chlorogenic-acid
BRD-K14003026-003-09-0,ritodrine
BRD-K79145628-001-05-5,nimorazole
BRD-K97752965-001-16-4,nicorandil
BRD-K21528677-001-02-8,desonide
BRD-K91825936-001-01-2,ZK811752
BRD-K47079459-004-04-6,cetrimonium
BRD-K62607865-001-09-7,aztreonam
BRD-K49111258-003-29-7,prazosin
BRD-K43187018-001-03-3,GDC-0349
BRD-K26011976-001-01-0,licochalcone-a
BRD-K27182532-001-02-3,metatinib
BRD-K29656036-001-02-5,MK-8245
BRD-K84798689-236-02-9,sodium-tanshinone-ii-a-sulfonate
BRD-K44844162-001-01-6,taselisib
BRD-K25835157-001-01-4,PRT062070
BRD-K65678996-001-05-5,nefiracetam
BRD-A68083442-001-01-6,pranidipine
BRD-K84892605-001-01-1,IOWH032
BRD-K73303757-001-21-6,4-methylgenistein
BRD-K58466253-003-14-0,palmatine-chloride
BRD-A78391468-001-02-8,prednisolone-hemisuccinate
BRD-K06753942-001-14-5,nobiletin
BRD-K89391146-001-08-0,RG108
BRD-K62814476-001-03-3,BMS-265246
BRD-K96104201-001-01-5,azalomycin-b
BRD-K92991072-001-04-9,PAC-1
BRD-A68631409-001-05-4,evodiamine
BRD-K79239947-001-06-8,PF-573228
BRD-K61536336-001-01-7,SB-366791
BRD-K87036601-001-01-6,azodicarbonamide
BRD-K74227499-001-01-1,se-methylselenocysteine
BRD-A73427433-240-01-3,adaprev
BRD-K23403298-003-01-9,benzyldimethylhexadecylammonium
BRD-K77634909-001-03-5,AEG3482
BRD-K06426971-001-02-7,ryuvidine
BRD-K04622161-001-02-3,YO-01027
BRD-A13964793-001-02-6,TC1
BRD-K66030860-001-03-6,salidroside
BRD-K01653460-001-01-1,chlorindanol
BRD-K07762753-001-04-4,aminopurvalanol-a
BRD-A73871920-236-03-6,nanchangmycin
BRD-K28143534-001-02-2,cyproheptadine
BRD-K82846253-001-15-4,repaglinide
BRD-K39558284-001-01-2,SDZ-WAG-994
BRD-K99498722-001-02-6,plinabulin
BRD-A36057565-001-01-0,bruceantin
BRD-K83022601-001-01-0,CI-844
BRD-K84810405-003-01-1,almorexant
BRD-K77638923-001-02-0,CUDC-907
BRD-K43621685-001-02-5,CP-673451
BRD-A57798112-001-03-7,PD-318088
BRD-K42756753-001-01-9,epiandrosterone
BRD-A23127772-001-02-3,sclareol
BRD-K48826825-001-01-8,S26948
BRD-K68904758-001-03-5,cephalomannine
BRD-K41876534-001-13-7,tioxolone
BRD-K36363294-001-04-2,I-BET151
BRD-A42746051-001-02-9,melengestrol-acetate
BRD-K37723606-001-01-5,dioscin
BRD-K18375018-376-02-3,spermine
BRD-K90382497-001-10-7,GW-843682X
BRD-K12068470-001-02-5,LY2608204
BRD-K11927976-050-02-9,ER-27319
BRD-K33818169-003-04-6,GW-3965
BRD-K47557313-001-02-7,LY2109761
BRD-K36198571-001-02-0,WAY-170523
BRD-K94455792-001-01-8,ICG-001
BRD-K21782625-001-02-4,AMG458
BRD-K67772619-001-05-1,rheochrysidin
BRD-K36222532-001-01-8,broxaldine
BRD-K24601397-001-01-1,phlorizin
BRD-K34851558-001-02-3,parthenolide-(-)
BRD-K80129304-001-08-1,uracil
BRD-K51143828-003-03-1,lurasidone
BRD-K33720171-001-01-0,difluprednate
BRD-K48578705-001-17-6,methyldopa
BRD-K81332461-001-01-4,maxacalcitol
BRD-K84011460-051-01-7,nizofenone
BRD-K65877271-001-01-8,halobetasol-propionate
BRD-K81074237-001-02-3,azilsartan
BRD-K82122102-323-01-1,amfenac
BRD-K15409150-001-05-8,penfluridol
BRD-K33813875-003-01-8,valnemulin
BRD-A85651701-001-19-7,clopamide
BRD-A12994259-001-02-1,pomalidomide
BRD-A20644369-001-08-6,canrenone
BRD-K96253961-046-03-1,metaraminol
BRD-K49954789-001-02-9,mesna
BRD-A11990600-001-03-4,lorazepam
BRD-K15108141-001-06-6,gemcitabine
BRD-A08545410-311-03-4,doxycycline
BRD-K43457670-001-27-8,acetazolamide
BRD-K04394237-001-03-7,drospirenone
BRD-K77685957-300-09-1,dequalinium
BRD-K39252998-003-01-5,atipamezole
BRD-K19761926-001-03-6,eplerenone
BRD-K49522529-001-02-9,alfacalcidol
BRD-K54314721-001-10-2,zolmitriptan
BRD-K08078237-001-19-8,tetrandrine
BRD-K54838207-001-03-8,fudosteine
BRD-K13050303-001-17-3,uridine
BRD-K93754473-048-20-2,tamoxifen
BRD-K95773607-004-03-8,darifenacin
BRD-K03243820-001-23-8,trifluridine
BRD-K94441233-001-13-0,mevastatin
BRD-K07612980-001-05-3,sparfloxacin
BRD-K43236057-001-07-1,polydatin
BRD-K95785345-300-14-8,thiamine
BRD-K55044200-001-15-3,amoxicillin
BRD-K97440753-066-18-1,dihydroergocristine
BRD-K97472745-001-01-8,gestrinone
BRD-K79612754-001-19-1,inosine
BRD-K54847683-001-04-0,equol
BRD-K96153583-001-05-1,cidofovir
BRD-A84174393-236-07-1,meloxicam
BRD-K58262659-001-09-7,doxifluridine
BRD-K13314656-001-01-0,ebastine
BRD-K81916719-001-13-9,triclabendazole
BRD-K61496577-001-20-2,flumethasone
BRD-K52756523-001-24-7,dirithromycin
BRD-K88625236-001-04-2,nonoxynol-9
BRD-K11973162-003-01-8,tipiracil
BRD-K38305202-001-17-4,domperidone
BRD-K76634210-001-14-7,idoxuridine
BRD-A44090213-001-25-6,indoprofen
BRD-K47869605-001-32-0,podophyllotoxin
BRD-K07572174-001-39-4,curcumin
BRD-K23925186-001-02-8,oridonin
BRD-K29582115-066-01-2,ziprasidone
BRD-K62779383-001-05-5,cholecalciferol
BRD-K28542495-003-13-5,benzydamine
BRD-A88138582-001-04-8,halcinonide
BRD-K61717546-001-05-0,fleroxacin
BRD-A42699921-001-03-6,teriflunomide
BRD-K93779381-001-01-9,ingenol-mebutate
BRD-K01669786-001-02-2,triapine
BRD-K97010173-001-04-1,deferasirox
BRD-A92537424-001-04-7,danazol
BRD-K13044802-213-20-7,ciclopirox
BRD-K40496271-396-01-1,eltrombopag
BRD-K77554836-001-11-6,triamcinolone
BRD-K52075715-001-06-7,oxibendazole
BRD-K86887724-001-10-6,dofetilide
BRD-K60369935-001-18-3,ribavirin
BRD-A93093700-001-02-9,temazepam
BRD-K81473043-001-14-6,tanespimycin
BRD-K32007074-001-02-9,enocitabine
BRD-K39467894-001-06-7,nithiamide
BRD-K66094457-001-01-5,CPP
BRD-A95886749-001-03-5,colfosceril-palmitate
BRD-A90272038-001-01-7,CGP-37849
BRD-K26833429-001-02-8,costunolide
BRD-K95926480-003-03-6,SRT1720
BRD-K71823332-001-03-7,epothilone-a
BRD-K49371609-003-03-8,PIK-75
BRD-K24187789-001-01-7,VU0238429
BRD-K45462423-001-03-7,VU0361737
BRD-K83607951-001-02-2,skepinone-l
BRD-K47049295-300-01-5,BAN-ORL-24
BRD-K48443249-001-01-0,CNX-774
BRD-K15898725-001-01-7,maytansinol-isobutyrate
BRD-A98299281-050-09-6,"hydroxytacrine-maleate-(r,s)"
BRD-K22385716-001-02-5,LY303511
BRD-K01614093-001-02-6,dihydromyricetin
BRD-K76180386-001-01-6,JIB04
BRD-K75478907-001-02-3,GS-39783
BRD-K75352575-001-01-3,KPT-276
BRD-K62696033-001-01-4,G-1
BRD-K87696786-003-04-4,LY456236
BRD-K10705233-001-02-2,GW-405833
BRD-K49049886-001-08-7,CGS-15943
BRD-K72420232-001-12-3,WZ-4002
BRD-A93477898-001-04-2,PETCM
BRD-K72327355-001-14-7,baicalein
BRD-K03109492-001-02-2,NSC-663284
BRD-K48488978-001-05-3,YM-201636
BRD-K46585355-001-14-3,acetylsalicylsalicylic-acid
BRD-K79259477-001-04-9,NVP-BHG712
BRD-K05804044-001-06-0,AZ-628
BRD-K42973005-001-04-0,CHIR-98014
BRD-K18613660-001-05-5,mexeneone
BRD-K80060353-303-03-9,IEM1754
BRD-K06593056-001-04-8,LE-135
BRD-K25690923-001-02-4,4-iodo-6-phenylpyrimidine
BRD-K95581532-001-01-5,RN-1734
BRD-K84663978-003-02-9,trequinsin
BRD-K61734568-003-02-1,"2,3-DCPE"
BRD-K57136142-001-02-4,CCT129202
BRD-A00077618-236-07-6,8-bromo-cGMP
BRD-A71033472-003-23-9,fendiline
BRD-K37865504-001-04-1,LY2183240
BRD-K32730239-001-01-0,SU3327
BRD-K48684885-001-04-2,BAY-11-7085
BRD-K06543683-066-02-1,bisindolylmaleimide-ix
BRD-A91831168-003-02-5,tetrahydropapaverine
BRD-K58299615-001-03-5,Ro-90-7501
BRD-K40331046-305-01-5,CR8-(R)
BRD-K36021395-300-02-4,ABT-702
BRD-K25224017-001-25-0,pirenperone
BRD-K49294207-300-03-8,BIBU-1361
BRD-K61228301-001-01-2,SGI-1027
BRD-K03273112-001-01-8,1-azakenpaullone
BRD-K18518344-001-15-9,digitoxigenin
BRD-K72703948-001-10-1,ZM-447439
BRD-K04623885-001-07-5,BIBR-1532
BRD-K31086665-005-04-6,NH125
BRD-K16478699-001-09-2,PLX-4720
BRD-K53523901-001-04-4,arctigenin
BRD-K67566344-001-07-5,ku-0063794
BRD-K77008974-001-03-2,WYE-354
BRD-K17702546-001-03-2,PD-168393
BRD-A22707317-001-10-8,SB-205384
BRD-K19333160-001-01-3,RKI-1447
BRD-K96233303-001-01-9,TMS
BRD-K22503835-001-11-0,scriptaid
BRD-K26756394-001-02-2,VE-821
BRD-K18787491-001-08-6,U-0126
BRD-K41337261-001-03-0,ZM-306416
BRD-K14991967-001-02-6,GSK650394
BRD-K18619710-001-14-4,digoxigenin
BRD-K79684402-300-02-8,Ro-10-5824
BRD-K61642990-001-01-0,FERb-033
BRD-K13094524-001-07-5,PFI-1
BRD-K41312087-001-02-7,GW-441756
BRD-K54095730-001-03-1,CMPD-1
BRD-K92000912-001-12-6,AM-251
BRD-A80213327-305-08-3,NSC-23766
BRD-A10523515-001-07-9,GSK429286A
BRD-A65248799-001-01-7,EMD-53998
BRD-K56334280-001-05-1,amonafide
BRD-K33882852-003-02-8,ZK-93423
BRD-K32501161-300-06-2,vanoxerine
BRD-K61195623-001-01-4,combretastatin-A-4
BRD-K23952234-236-01-8,BMS-986020
BRD-K37890730-001-15-1,camptothecin
BRD-K07202345-001-19-4,frentizole
BRD-K89053832-001-01-0,VLX600
BRD-K79584249-001-01-3,CGM097
BRD-K21673112-003-01-3,BF2.649
BRD-K15071410-001-01-1,tiotidine
BRD-K14175878-001-01-6,MK-0812
BRD-K11071038-001-01-7,ICI-162846
BRD-K78659596-001-03-9,ixazomib
BRD-K35629949-001-02-0,SR-27897
BRD-K59929863-001-01-9,CB-10-277
BRD-K56291712-001-01-0,voxtalisib
BRD-K19284129-001-02-6,salvinorin-a
BRD-A22081593-001-11-1,sulmazole
BRD-K55675242-001-03-0,torcetrapib
BRD-K48195801-001-01-6,tecastemizole
BRD-K12251893-065-04-7,vincristine
BRD-K06294530-001-01-5,UK-383367
BRD-K10784860-003-02-3,temocapril
BRD-K60025295-003-06-6,crystal-violet
BRD-K47976015-001-01-2,balapiravir
BRD-K41783120-001-02-8,STA-5326
BRD-A86248581-001-01-4,tetrahydrouridine
BRD-K63123526-001-01-2,S-methylcysteine
BRD-K17026858-001-01-2,pibenzimol
BRD-A05906449-004-01-1,lappaconite
BRD-K07955840-001-02-3,PF-05212384
BRD-K98795921-001-01-7,SB-2343
BRD-K41213548-001-02-0,KW-2478
BRD-K78096648-001-05-7,oxiperomide
BRD-K61567297-001-01-9,resatorvid
BRD-K11073688-001-01-6,CPI-1189
BRD-K78055238-001-01-8,LY2090314
BRD-K32405725-001-02-8,etomoxir
BRD-K56301217-001-07-4,ABT-737
BRD-K78567475-001-01-4,dolastatin-10
BRD-K80608265-001-01-6,erteberel
BRD-K47000838-001-01-6,cytochalasin-b
BRD-K86003836-001-10-5,flubendazole
BRD-K27771035-001-02-5,clindamycin-phosphate
BRD-K33588785-001-01-9,obidoxime
BRD-M92675308-003-07-1,efonidipine-monoethanolate
BRD-K49456274-001-01-9,pilaralisib
BRD-K90948141-001-01-4,indiplon
BRD-K00662280-001-09-4,CL-218872
BRD-K40530731-001-11-6,hyoscyamine
BRD-K59522102-001-14-6,piperine
BRD-K86816506-001-01-8,PF-04457845
BRD-A73556557-001-06-4,tagatose
BRD-K50850824-237-04-8,acesulfame-potassium
BRD-K78809024-001-05-7,SB-590885
BRD-K40109029-001-02-9,SB-505124
BRD-K57284066-001-01-6,Ro-9187
BRD-K33743361-003-02-6,ML133
BRD-A53134341-001-03-2,Ro-106-9920
BRD-K38548312-001-01-0,VER-49009
BRD-K45446451-001-05-0,JZL-184
BRD-K30867024-003-03-3,SB-216641
BRD-K13949769-001-01-7,tenovin-6
BRD-K59831625-001-01-6,LDN-212854
BRD-K13606314-001-01-3,P5091
BRD-K03289018-001-02-7,CCT137690
BRD-K87510569-001-02-8,RS-504393
BRD-K61295575-001-03-6,blebbistatin-(-)
BRD-K80480517-001-02-4,repsox
BRD-K50000283-001-04-4,PHA-767491
BRD-K81801188-001-02-8,PP-121
BRD-K68395654-001-03-1,EVP4593
BRD-K39160765-003-02-9,4-chlorophenylguanidine
BRD-K18834913-001-01-1,LB42708
BRD-K91370081-001-25-1,anisomycin
BRD-K46392623-001-02-5,TG-100713
BRD-K24556407-001-02-3,ETP-46464
BRD-K66527818-001-02-6,VU0364770
BRD-K67868012-001-07-6,PI-103
BRD-K12539581-001-23-7,nocodazole
BRD-K16664969-001-03-3,GTP-14564
BRD-K40175214-001-11-6,torin-1
BRD-K76064317-001-07-3,tyrphostin-AG-1296
BRD-K11853856-001-01-7,PJ-34
BRD-K40255344-001-17-6,tyrphostin-A9
BRD-K14618467-001-04-6,IKK-16
BRD-K12244279-001-05-8,MEK1-2-inhibitor
BRD-A60594020-034-01-1,8-hydroxy-PIPAT
BRD-K45528773-001-07-2,M-344
BRD-K76840893-003-02-5,RS-17053
BRD-K43644456-001-04-0,WP1130
BRD-K28907958-001-04-3,CD-437
BRD-K67298865-001-09-0,SB-431542
BRD-K83834509-001-01-1,PTC-209
BRD-K06234293-001-04-2,LY364947
BRD-K38860038-001-01-2,JK-184
BRD-K00312224-001-09-5,PPT
BRD-K13087974-001-02-5,CGP-52411
BRD-K67537649-001-04-5,PQ-401
BRD-K78086729-001-02-7,GW-788388
BRD-K68174511-001-06-6,torin-2
BRD-K47598052-001-15-8,PP-1
BRD-K43905307-001-01-2,"L-798,106"
BRD-K42436189-001-01-2,AZ20
BRD-A45498368-001-07-1,WYE-125132
BRD-K07442505-001-03-6,BAM7
BRD-K98521173-001-19-4,desoxycortone
BRD-K67536197-003-11-4,cyclocytidine
BRD-K39171998-001-01-1,STF-118804
BRD-K49071277-001-04-7,securinine
BRD-K26253904-001-01-5,NMS-873
BRD-K55305701-001-01-2,SC-144
BRD-K13302470-001-02-7,KY02111
BRD-A55484088-050-02-5,BNTX
BRD-K07487750-001-03-3,WHI-P154
BRD-A63546914-003-02-0,Ro-04-5595
BRD-K49027941-001-01-1,PSB-1115
BRD-K16189898-003-03-3,CHIR-99021
BRD-K79555887-001-01-0,RI-1
BRD-K70159787-001-01-1,SMI-4a
BRD-K09877029-001-01-2,VS-4718
BRD-K13566078-001-02-3,BMS-345541
BRD-K78318619-001-02-7,PF-4981517
BRD-K15025317-001-15-1,BAY-11-7082
BRD-K61936403-001-01-7,AS-1949490
BRD-K24715592-406-02-1,ethacridine-lactate-monohydrate
BRD-K45662124-050-01-5,3'-fluorobenzylspiperone
BRD-K63784565-001-06-2,10-hydroxycamptothecin
BRD-K21025364-001-05-6,NVP-TAE226
BRD-K60230970-001-17-5,MG-132
BRD-K80725821-300-02-9,RS-16566
BRD-K28578425-001-07-0,cilostamide
BRD-K08893438-001-04-9,CCG-50014
BRD-K11590034-002-03-4,morin
BRD-K67578145-001-09-7,GDC-0879
BRD-K61097567-001-08-5,SB-218795
BRD-K95785537-001-23-1,PP-2
BRD-K29542628-001-03-9,1-naphthyl-PP1
BRD-K30519779-001-03-1,homoquinolinic-acid
BRD-K44993696-001-12-3,atenolol-(-)
BRD-K85872723-001-15-9,kynurenic-acid
BRD-K42205652-001-02-7,"MNS-(3,4-Methylenedioxy-nitrostyrene)"
BRD-K38904395-001-02-3,SAR131675
BRD-K18163608-001-05-6,HA14-1
BRD-K95292280-001-01-3,SB-657510
BRD-K45551181-001-02-1,MPI-0479605
BRD-A43885598-001-08-1,SID-7969543
BRD-K13169950-001-14-4,NSC-3852
BRD-K50140147-001-10-1,NVP-TAE684
BRD-K25596805-001-01-8,JNJ-16259685
BRD-A67748489-001-10-0,K-858
BRD-K68202742-001-16-5,trichostatin-a
BRD-K70821460-300-02-4,4-methylhistamine
BRD-K04833372-001-06-2,GSK1904529A
BRD-K95435023-001-08-5,PHA-665752
BRD-K73073971-001-01-7,ZLN005
BRD-K63932022-001-01-5,2'-MeCCPA
BRD-K30431096-004-01-3,domiphen
BRD-K81225797-001-02-3,SCH-58261
BRD-K06749501-001-02-1,GSK1838705A
BRD-K96259238-001-01-4,Y-320
BRD-K02241333-001-02-7,CHIR-124
BRD-K36889451-001-01-1,tetramethylthiuram-monosulfide
BRD-K70402238-001-02-8,nexturastat-a
BRD-K78177893-001-02-4,A-674563
BRD-K77245796-003-01-6,gamma-aminobutyric-acid
BRD-K36739687-001-03-0,stemregenin-1
BRD-A83650191-004-02-8,A61603
BRD-K97764662-001-17-3,PD-173074
BRD-K73293050-001-03-1,WZ-3146
BRD-K11636097-001-03-1,JNJ-7706621
BRD-K65814004-003-02-9,diphenyleneiodonium
BRD-K72726508-001-02-1,arcyriaflavin-a
BRD-K77943374-001-02-8,NVP-BVU972
BRD-K51575138-001-13-2,TPCA-1
BRD-K79930101-300-03-7,GW-583340
BRD-K61314889-001-04-4,endo-IWR-1
BRD-K54606188-001-13-1,JQ1-(+)
BRD-A81370665-001-03-6,BI-D1870
BRD-K39381259-001-01-0,DMH1
BRD-K97714174-001-01-3,P22077
BRD-A95121829-001-08-9,ginkgolide-a
BRD-K47337578-034-02-5,4-(4-fluorobenzoyl)-1-(4-phenylbutyl)-piperidine
BRD-K39841531-001-02-1,TG-101209
BRD-K43449605-001-01-0,oncrasin-1
BRD-K26305185-001-02-1,K-Ras(G12C)-inhibitor-6
BRD-K16338837-001-02-6,CCMI
BRD-K81548480-001-01-2,AC-264613
BRD-K34533029-001-08-5,tyrphostin-AG-494
BRD-K68336408-001-10-9,tyrphostin-AG-1478
BRD-K60184833-001-05-6,tyrphostin-AG-99
BRD-K70177501-003-01-4,INH1
BRD-K26818574-305-04-3,BIX-01294
BRD-A27883417-300-01-6,alexidine
BRD-K76406695-001-02-9,CCT128930
BRD-A06352508-001-03-7,SB-218078
BRD-A08840375-001-01-3,CID-5458317
BRD-K88677950-001-03-9,PD-198306
BRD-K49313711-001-05-4,ribitol
BRD-K81197548-003-01-4,NSC-632839
BRD-K85920262-001-02-1,WAY-600
BRD-K19669037-001-01-1,GGTI-298
BRD-A28329383-001-02-1,MTPG
BRD-A25569250-001-03-3,KI-16425
BRD-K94176593-001-09-4,TWS-119
BRD-K68567222-001-01-2,BVT-948
BRD-K49669041-001-08-4,BX-912
BRD-A81541225-001-06-8,oligomycin-a
BRD-K20755323-001-05-9,SKI-II
BRD-K76973696-001-12-6,tryptanthrin
BRD-K81728688-001-04-4,WZ8040
BRD-K82091397-001-03-0,SB-239063
BRD-K43471985-001-03-0,OTX015
BRD-K95523387-001-09-6,OLDA
BRD-K06854232-001-19-9,AM-580
BRD-K31491153-003-05-9,1-phenylbiguanide
BRD-K98548675-001-05-9,parthenolide
BRD-K50018155-003-02-1,RS-67506
BRD-K67173685-001-06-9,4E1RCat
BRD-K85140930-001-12-7,aphidicolin
BRD-K86687746-001-01-3,R306465
BRD-K20958582-001-01-4,TH-302
BRD-A92872453-001-01-8,N-acetylmannosamine
BRD-K73197500-001-02-2,SNX-5422
BRD-K24603946-001-02-1,5-hydroxymethyl-tolterodine
BRD-K28352084-001-02-3,CH5132799
BRD-K54187111-001-09-2,dichlorisone-acetate
BRD-K28383148-001-01-4,AP1903
BRD-A10039652-001-01-2,tipranavir
BRD-K08547377-394-03-5,irinotecan
BRD-K45401373-001-20-9,betulinic-acid
BRD-K59983611-001-21-9,sulfabenzamide
BRD-K61323504-001-04-0,SB-225002
BRD-A25004090-001-08-4,erastin
BRD-K61250484-001-02-3,FPH1-(BRD-6125)
BRD-K44084986-300-08-4,Y-27632
BRD-K38868394-001-01-3,MK-0773
BRD-K42981054-001-01-9,mibampator
BRD-K68408467-065-01-8,proflavine-hemisulfate
BRD-K87512222-019-01-7,taltobulin
BRD-K43002771-034-01-6,SR-33805
BRD-K44590731-001-01-7,TU-2100
BRD-K90574421-001-03-5,ipsapirone
BRD-A36331462-001-02-1,oprozomib
BRD-K15519488-050-01-3,CS-110266
BRD-K05104363-001-10-0,PD-184352
BRD-K36529613-001-02-6,PU-H71
BRD-K85014146-001-02-5,AZD2461
BRD-K66097663-001-01-8,TMC-353121
BRD-K62391742-001-03-0,venetoclax
BRD-K19085898-001-01-8,darapladib
BRD-A28467416-002-01-0,PKI-179
BRD-K02898090-001-02-7,kifunensine
BRD-K26603252-003-04-9,PD-153035
BRD-K05444225-001-01-7,E7449
BRD-A68969091-001-12-7,echinomycin
BRD-A18696154-003-22-6,idazoxan
BRD-K81613478-001-01-8,gastrodin
BRD-K21670884-001-01-9,cariporide
BRD-K42497885-001-01-1,satraplatin
BRD-K98384930-003-01-5,finafloxacin
BRD-K50853363-001-02-3,dienogest
BRD-K87700323-003-05-1,cetylpyridinium
BRD-K97464279-001-03-5,diaveridine
BRD-K22025381-003-01-9,U-18666A
BRD-K01295354-001-02-8,uric-acid
BRD-K38350380-001-01-8,FK-3311
BRD-K22520627-001-01-7,DVD-111
BRD-K53720352-001-03-2,cinalukast
BRD-K37561857-001-15-5,zardaverine
BRD-K56957086-001-06-3,dacinostat
BRD-K36467523-001-02-8,bindarit
BRD-K90497590-001-04-2,AR-12
BRD-K17203476-001-01-9,LY2874455
BRD-K08248804-001-01-8,LCL-161
BRD-K08859203-001-01-9,DU-728
BRD-K13810148-311-03-2,givinostat
BRD-K11244467-001-08-5,ambazone
BRD-K09372874-001-01-0,merimepodib
BRD-A07986123-001-02-8,galeterone
BRD-K79633074-001-01-8,xilobam
BRD-K82850175-001-01-1,navarixin
BRD-K09426783-300-01-0,TAS-103
BRD-K32572029-001-04-4,orotic-acid
BRD-K42191735-001-05-3,buparlisib
BRD-A66419424-001-02-4,ixazomib-citrate
BRD-K89015388-001-01-7,GSK923295
BRD-K11663430-001-02-3,pyroxamide
BRD-K84163249-001-01-9,ercalcitriol
BRD-K45875383-001-01-2,XBD173
BRD-K44009692-001-02-3,hyodeoxycholic-acid
BRD-K82823804-001-04-1,PD-407824
BRD-K89299012-001-06-0,DCEBIO
BRD-K24869513-001-02-1,CNX-2006
BRD-K73982490-001-02-9,BI-78D3
BRD-K08619838-300-05-7,tremorine
BRD-K17061841-001-03-5,stattic
BRD-K25279140-001-01-5,MK-8745
BRD-K41104902-001-01-3,GSK2656157
BRD-K37237504-001-02-7,CEP-33779
BRD-K54395039-001-01-7,PR-619
BRD-K03549949-001-01-0,XL388
BRD-A50064262-001-04-7,flumethasone-pivalate
BRD-K31866293-001-01-6,TAK-632
BRD-K08791496-001-01-0,fenaclon
BRD-K09443272-001-03-3,PHA-680632
BRD-K63068307-001-08-9,ZSTK-474
BRD-K51911221-001-01-2,nemorubicin
BRD-K09090949-001-01-9,"CP-945,598"
BRD-K09397065-003-06-1,SR-57227A
BRD-K13167095-001-02-9,AR-42
BRD-K48141473-001-01-7,cebranopadol
BRD-K17705806-003-04-4,JTC-801
BRD-K81330143-001-04-8,tideglusib
BRD-K48988407-001-01-2,cytochlor
BRD-K12867552-001-04-7,PCI-24781
BRD-K12932420-001-02-3,YM-976
BRD-K06814349-304-01-9,fosbretabulin
BRD-K72815923-034-01-2,xanomeline
BRD-K21361524-001-01-1,selinexor
BRD-K23363278-001-02-1,CYT-997
BRD-K77841042-001-14-1,brefeldin-a
BRD-K37312348-001-15-0,kenpaullone
BRD-K02764365-001-13-6,methiazole
BRD-K04923131-001-15-4,GSK-3-inhibitor-IX
BRD-K56483981-342-06-4,chicago-sky-blue-6b
BRD-K77677632-003-02-6,SB-200646
BRD-K96188950-001-16-9,caffeic-acid-phenethyl-ester
BRD-A54927599-001-16-9,KF-38789
BRD-K98203492-003-04-1,GSK-J4
BRD-K71467466-001-02-3,KPT-185
BRD-K73309154-003-02-8,OSI-420
BRD-K69195780-004-08-4,NAN-190
BRD-K21164796-001-02-8,beta-naphthol
BRD-K85849709-001-01-5,AZD2858
BRD-K03294269-001-08-0,NU6027
BRD-K53561341-001-07-5,aurora-a-inhibitor-i
BRD-K20605374-001-05-4,NSC-697923
BRD-A57886255-001-01-1,golgicide-a
BRD-K40438880-305-06-6,spermidine
BRD-K68502831-001-01-2,dianhydrogalactitol
BRD-K36234266-001-09-8,carmustine
BRD-K69172251-001-08-9,cisplatin
BRD-K23779958-001-05-8,dichlorvos
BRD-K05638300-001-01-2,sevoflurane
BRD-A13561534-003-02-0,ornithine
BRD-M29182745-001-01-4,ammonium-lactate
BRD-K16136380-001-01-7,pyrithione-zinc
BRD-K78960041-001-05-7,oxaliplatin
BRD-K85146014-314-05-4,foscarnet
BRD-K56908511-001-01-2,fluroxene
BRD-K74193284-001-04-8,phenylmercuric-acetate
BRD-K81645907-001-01-1,captamine
BRD-K20290250-001-02-1,BIX-02188
BRD-K91701654-001-03-1,U-0126
BRD-K85307935-236-09-5,novobiocin
BRD-K63736853-001-04-8,acipimox
BRD-K06152156-001-01-8,methoxyflurane
BRD-K32372024-001-01-0,D-7193
BRD-K90947825-001-02-7,carboplatin
BRD-A23072235-050-18-5,pheniramine
BRD-A64092382-003-18-3,mexiletine
BRD-A12417644-001-07-6,usniacin-(+)
BRD-K79315489-001-07-8,erythritol
BRD-A43082461-001-06-3,linalool
BRD-K60443845-001-08-6,chlormidazole
BRD-K91614056-001-02-2,trans-4-Hydroxycrotonic-acid
BRD-A60786380-412-01-5,sodium-stibogluconate
BRD-K13409143-001-01-9,isopropyl-myristate
BRD-A58193911-003-18-7,oxyphencyclimine
BRD-K59058747-001-18-3,acetylcysteine
BRD-K12829205-003-02-8,mechlorethamine
BRD-K81418486-001-47-5,vorinostat
BRD-K17518951-001-03-0,penicillamine-(D)
BRD-M97302542-001-03-6,dichloroacetate
BRD-K90647725-001-07-3,oleanolic-acid
BRD-K88510285-001-23-6,bortezomib
BRD-K88510285-001-34-3,bortezomib
BRD-K92073408-001-15-7,norethindrone
BRD-K13533483-001-16-2,cyclosporine
BRD-K56981171-001-01-0,brigatinib
BRD-K88807631-001-01-3,elacridar
BRD-K20468903-001-01-6,BNC105
BRD-K16180792-001-01-7,bis(maltolato)oxovanadium(IV)
BRD-K26530649-001-01-6,carboxypyridine-disulfide
BRD-K21152241-001-07-3,enoximone
BRD-K28061410-001-06-6,beta-lapachone
BRD-K68408772-001-05-4,carboxyamidotriazole
BRD-K59866480-001-07-3,cyclovalone
BRD-K84868168-001-01-0,erdafitinib
BRD-K34251960-036-01-6,cibenzoline
BRD-K16505263-003-02-9,forodesine
BRD-K72533376-001-01-2,etoposide-phosphate
BRD-K22588750-001-07-0,gidazepam
BRD-K28537285-001-01-8,chidamide
BRD-K00634421-001-01-0,brivaracetam
BRD-K89490285-001-08-1,bentazepam
BRD-K82967180-001-01-6,LY3023414
BRD-K73753850-003-01-6,hexaminolevulinate
BRD-K76719364-001-02-5,GS-9973
BRD-K99879819-001-02-1,lorlatinib
BRD-K17472821-001-01-2,GSK2830371
BRD-K46862739-001-14-3,metyrapone
BRD-K74671368-001-01-8,idronoxil
BRD-K20463415-300-01-4,LY2606368
BRD-K81405859-300-01-4,JTE-607
BRD-K18898553-001-01-1,salvianolic-acid-B
BRD-K89121095-001-01-7,tedizolid-phosphate
BRD-K91543828-001-02-0,pentostatin
BRD-K55696337-003-24-4,topotecan
BRD-K96344439-002-02-7,tofogliflozin
BRD-K59753975-001-02-6,vindesine
BRD-K13060017-001-01-3,UNC0631
BRD-K11851476-003-01-7,pardoprunox
BRD-K79821389-001-03-5,rubitecan
BRD-K64120610-001-01-4,vinflunine
BRD-K62374002-001-01-5,PI3K-IN-2
BRD-K42673188-001-01-1,verubulin
BRD-K04701033-001-03-9,VE-822
BRD-K89085489-001-23-2,fenretinide
BRD-K06519765-065-01-6,vinblastine
